,Angles,PWM,Angles_1
0,-0.6,-18,0
1,-1.8,-18,-0.6
2,-3.6,-18,-1.8
3,-5.4,-18,-3.6
4,-7.2,-18,-5.4
5,-9.6,-18,-7.2
6,-10.8,-18,-9.6
7,-12.6,-18,-10.8
8,-14.4,-18,-12.6
9,-15.6,-18,-14.4
10,-15.6,-18,-15.6
11,-16.2,-18,-15.6
12,-16.2,-18,-16.2
13,-16.2,-18,-16.2
14,-16.2,-18,-16.2
15,-16.2,-18,-16.2
16,-16.2,-18,-16.2
17,-16.8,-18,-16.2
18,-16.8,-18,-16.8
19,-16.8,-18,-16.8
20,-16.8,-18,-16.8
21,-16.8,-18,-16.8
22,-16.8,-18,-16.8
23,-16.8,-18,-16.8
24,-16.8,-18,-16.8
25,-16.8,-18,-16.8
26,-16.8,-18,-16.8
27,-16.8,-18,-16.8
28,-16.8,-18,-16.8
29,-16.8,-18,-16.8
30,-16.8,-18,-16.8
31,-16.8,-18,-16.8
32,-16.8,-18,-16.8
33,-16.8,-18,-16.8
34,-16.8,-18,-16.8
35,-16.8,-18,-16.8
36,-16.8,-18,-16.8
37,-16.8,-18,-16.8
38,-16.8,-18,-16.8
39,-16.8,-18,-16.8
40,-16.8,-18,-16.8
41,-16.8,-18,-16.8
42,-16.8,-18,-16.8
43,-16.8,-18,-16.8
44,-16.8,-18,-16.8
45,-16.8,-18,-16.8
46,-16.8,-18,-16.8
47,-16.8,-18,-16.8
48,-16.8,-18,-16.8
49,-16.8,-18,-16.8
50,-16.8,-18,-16.8
51,-16.8,-18,-16.8
52,-16.8,-18,-16.8
53,-16.8,-18,-16.8
54,-16.8,-18,-16.8
55,-16.8,-18,-16.8
56,-16.8,-18,-16.8
57,-16.8,-18,-16.8
58,-16.8,-18,-16.8
59,-16.8,-18,-16.8
60,-16.8,-18,-16.8
61,-16.8,-18,-16.8
62,-16.8,-18,-16.8
63,-16.8,-18,-16.8
64,-16.8,-18,-16.8
65,-16.8,-18,-16.8
66,-16.8,-18,-16.8
67,-16.8,-18,-16.8
68,-16.8,-18,-16.8
69,-16.8,-18,-16.8
70,-16.8,-18,-16.8
71,-16.8,-18,-16.8
72,-16.8,-18,-16.8
73,-16.2,-3,-16.8
74,-15.0,-3,-16.2
75,-12.6,-3,-15.0
76,-10.8,-3,-12.6
77,-8.4,-3,-10.8
78,-7.2,-3,-8.4
79,-5.4,-3,-7.2
80,-4.8,-3,-5.4
81,-4.2,-3,-4.8
82,-3.6,-3,-4.2
83,-3.6,-3,-3.6
84,-3.6,-3,-3.6
85,-3.6,-3,-3.6
86,-3.6,-3,-3.6
87,-3.0,-3,-3.6
88,-3.0,-3,-3.0
89,-3.0,-3,-3.0
90,-3.0,-3,-3.0
91,-3.0,-3,-3.0
92,-3.0,-3,-3.0
93,-3.0,-3,-3.0
94,-3.0,-3,-3.0
95,-3.0,-3,-3.0
96,-3.0,-3,-3.0
97,-3.0,-3,-3.0
98,-3.0,-3,-3.0
99,-3.0,-3,-3.0
100,-3.0,-3,-3.0
101,-3.0,-3,-3.0
102,-3.0,-3,-3.0
103,-3.0,-3,-3.0
104,-3.0,-3,-3.0
105,-3.0,-3,-3.0
106,-3.0,-3,-3.0
107,-3.0,-3,-3.0
108,-3.0,-3,-3.0
109,-3.0,-3,-3.0
110,-3.0,-3,-3.0
111,-3.0,-3,-3.0
112,-3.0,-3,-3.0
113,-3.0,-3,-3.0
114,-3.0,-3,-3.0
115,-3.0,-3,-3.0
116,-3.0,-3,-3.0
117,-3.0,-3,-3.0
118,-3.0,-3,-3.0
119,-3.0,-3,-3.0
120,-3.0,-3,-3.0
121,-3.0,-3,-3.0
122,-3.0,-3,-3.0
123,-3.0,-3,-3.0
124,-3.0,-3,-3.0
125,-3.0,-3,-3.0
126,-3.0,-3,-3.0
127,-3.0,-3,-3.0
128,-3.0,-3,-3.0
129,-3.0,-3,-3.0
130,-3.0,-3,-3.0
131,-3.0,-3,-3.0
132,-3.0,-3,-3.0
133,-3.0,-3,-3.0
134,-3.0,-3,-3.0
135,-3.0,-3,-3.0
136,-3.0,-3,-3.0
137,-3.0,-3,-3.0
138,-3.0,-3,-3.0
139,-3.0,-3,-3.0
140,-3.0,-3,-3.0
141,-3.0,-3,-3.0
142,-3.0,-3,-3.0
143,-3.0,-3,-3.0
144,-3.0,-3,-3.0
145,-3.0,-3,-3.0
146,-3.0,-3,-3.0
147,-3.0,-3,-3.0
148,-3.0,-3,-3.0
149,-3.0,-3,-3.0
150,-3.0,-3,-3.0
151,-3.0,-3,-3.0
152,-3.0,-3,-3.0
153,-3.0,-3,-3.0
154,-3.0,-3,-3.0
155,-3.0,-3,-3.0
156,-3.0,-3,-3.0
157,-3.0,-3,-3.0
158,-3.0,-3,-3.0
159,-3.0,-3,-3.0
160,-3.0,-3,-3.0
161,-3.0,-3,-3.0
162,-3.0,-3,-3.0
163,-3.0,-3,-3.0
164,-3.0,-23,-3.0
165,-4.2,-23,-3.0
166,-6.0,-23,-4.2
167,-7.8,-23,-6.0
168,-9.6,-23,-7.8
169,-12.0,-23,-9.6
170,-13.8,-23,-12.0
171,-15.6,-23,-13.8
172,-17.4,-23,-15.6
173,-19.2,-23,-17.4
174,-19.8,-23,-19.2
175,-19.8,-23,-19.8
176,-21.0,-23,-19.8
177,-21.0,-23,-21.0
178,-21.0,-23,-21.0
179,-21.0,-23,-21.0
180,-21.0,-23,-21.0
181,-21.0,-23,-21.0
182,-21.0,-23,-21.0
183,-21.0,-23,-21.0
184,-21.0,-23,-21.0
185,-21.0,-23,-21.0
186,-21.0,-23,-21.0
187,-21.0,-23,-21.0
188,-21.0,-23,-21.0
189,-21.0,-23,-21.0
190,-21.0,-23,-21.0
191,-21.0,-23,-21.0
192,-21.0,-23,-21.0
193,-21.0,-23,-21.0
194,-21.0,-23,-21.0
195,-21.0,-23,-21.0
196,-21.0,-23,-21.0
197,-21.0,-23,-21.0
198,-21.0,-23,-21.0
199,-21.0,-23,-21.0
200,-21.0,-23,-21.0
201,-21.0,-23,-21.0
202,-21.0,-23,-21.0
203,-21.0,-23,-21.0
204,-21.0,-23,-21.0
205,-21.0,-23,-21.0
206,-21.0,-23,-21.0
207,-21.0,-23,-21.0
208,-21.0,-23,-21.0
209,-21.0,-23,-21.0
210,-21.0,-23,-21.0
211,-21.0,-23,-21.0
212,-21.0,-23,-21.0
213,-21.0,-23,-21.0
214,-21.0,-23,-21.0
215,-21.0,-23,-21.0
216,-21.0,-23,-21.0
217,-21.0,-23,-21.0
218,-21.0,-23,-21.0
219,-21.0,-23,-21.0
220,-21.0,-23,-21.0
221,-21.0,-23,-21.0
222,-21.0,-23,-21.0
223,-21.0,-23,-21.0
224,-21.0,-23,-21.0
225,-21.0,-23,-21.0
226,-21.0,-23,-21.0
227,-21.0,-23,-21.0
228,-21.0,-23,-21.0
229,-21.0,-23,-21.0
230,-21.0,-23,-21.0
231,-21.0,-23,-21.0
232,-21.0,-23,-21.0
233,-21.0,-23,-21.0
234,-21.0,-23,-21.0
235,-21.0,-23,-21.0
236,-21.0,-23,-21.0
237,-21.0,-23,-21.0
238,-21.0,-23,-21.0
239,-21.0,-23,-21.0
240,-21.0,-23,-21.0
241,-21.0,-23,-21.0
242,-21.0,-23,-21.0
243,-21.0,-23,-21.0
244,-21.0,-23,-21.0
245,-21.0,-23,-21.0
246,-21.0,-23,-21.0
247,-21.0,-23,-21.0
248,-21.0,-23,-21.0
249,-21.0,-23,-21.0
250,-21.0,-23,-21.0
251,-21.0,-23,-21.0
252,-21.0,-23,-21.0
253,-21.0,-23,-21.0
254,-21.0,-23,-21.0
255,-19.8,10,-21.0
256,-18.6,10,-19.8
257,-16.8,10,-18.6
258,-15.0,10,-16.8
259,-12.0,10,-15.0
260,-10.2,10,-12.0
261,-7.8,10,-10.2
262,-6.0,10,-7.8
263,-3.6,10,-6.0
264,-1.2,10,-3.6
265,1.2,10,-1.2
266,3.0,10,1.2
267,4.8,10,3.0
268,6.0,10,4.8
269,7.2,10,6.0
270,7.8,10,7.2
271,7.8,10,7.8
272,7.8,10,7.8
273,7.8,10,7.8
274,7.8,10,7.8
275,8.4,10,7.8
276,8.4,10,8.4
277,8.4,10,8.4
278,8.4,10,8.4
279,8.4,10,8.4
280,8.4,10,8.4
281,8.4,10,8.4
282,8.4,10,8.4
283,8.4,10,8.4
284,8.4,10,8.4
285,8.4,10,8.4
286,8.4,10,8.4
287,8.4,10,8.4
288,8.4,10,8.4
289,8.4,10,8.4
290,8.4,10,8.4
291,8.4,10,8.4
292,8.4,10,8.4
293,8.4,10,8.4
294,8.4,10,8.4
295,8.4,10,8.4
296,8.4,10,8.4
297,8.4,10,8.4
298,8.4,10,8.4
299,8.4,10,8.4
300,8.4,10,8.4
301,8.4,10,8.4
302,8.4,10,8.4
303,8.4,10,8.4
304,8.4,10,8.4
305,8.4,10,8.4
306,8.4,10,8.4
307,8.4,10,8.4
308,8.4,10,8.4
309,8.4,10,8.4
310,8.4,10,8.4
311,8.4,10,8.4
312,8.4,10,8.4
313,8.4,10,8.4
314,8.4,10,8.4
315,8.4,10,8.4
316,8.4,10,8.4
317,8.4,10,8.4
318,8.4,10,8.4
319,8.4,10,8.4
320,8.4,10,8.4
321,8.4,10,8.4
322,8.4,10,8.4
323,8.4,10,8.4
324,8.4,10,8.4
325,8.4,10,8.4
326,8.4,10,8.4
327,8.4,10,8.4
328,8.4,10,8.4
329,8.4,10,8.4
330,8.4,10,8.4
331,8.4,10,8.4
332,8.4,10,8.4
333,8.4,10,8.4
334,8.4,10,8.4
335,8.4,10,8.4
336,8.4,10,8.4
337,8.4,10,8.4
338,8.4,10,8.4
339,8.4,10,8.4
340,8.4,10,8.4
341,8.4,10,8.4
342,8.4,10,8.4
343,8.4,10,8.4
344,8.4,10,8.4
345,8.4,10,8.4
346,8.4,10,8.4
347,7.8,-27,8.4
348,6.0,-27,7.8
349,4.2,-27,6.0
350,2.4,-27,4.2
351,0.0,-27,2.4
352,-1.8,-27,0.0
353,-4.2,-27,-1.8
354,-6.0,-27,-4.2
355,-8.4,-27,-6.0
356,-10.2,-27,-8.4
357,-13.2,-27,-10.2
358,-15.0,-27,-13.2
359,-17.4,-27,-15.0
360,-19.2,-27,-17.4
361,-21.6,-27,-19.2
362,-22.8,-27,-21.6
363,-24.0,-27,-22.8
364,-24.0,-27,-24.0
365,-24.6,-27,-24.0
366,-24.6,-27,-24.6
367,-24.6,-27,-24.6
368,-25.2,-27,-24.6
369,-25.2,-27,-25.2
370,-25.2,-27,-25.2
371,-25.2,-27,-25.2
372,-25.2,-27,-25.2
373,-25.2,-27,-25.2
374,-25.2,-27,-25.2
375,-25.2,-27,-25.2
376,-25.2,-27,-25.2
377,-25.2,-21,-25.2
378,-24.0,-21,-25.2
379,-22.2,-21,-24.0
380,-21.0,-21,-22.2
381,-20.4,-21,-21.0
382,-20.4,-21,-20.4
383,-20.4,-21,-20.4
384,-20.4,-21,-20.4
385,-20.4,-21,-20.4
386,-20.4,-21,-20.4
387,-20.4,-21,-20.4
388,-20.4,-21,-20.4
389,-19.8,-21,-20.4
390,-19.8,-21,-19.8
391,-19.8,-21,-19.8
392,-19.8,-21,-19.8
393,-19.8,-21,-19.8
394,-19.8,-21,-19.8
395,-19.8,-21,-19.8
396,-19.8,-21,-19.8
397,-19.8,-21,-19.8
398,-19.8,-21,-19.8
399,-19.8,-21,-19.8
400,-19.8,-21,-19.8
401,-19.8,-21,-19.8
402,-19.8,-21,-19.8
403,-19.8,-21,-19.8
404,-19.8,-21,-19.8
405,-19.8,-21,-19.8
406,-19.8,-21,-19.8
407,-19.8,-21,-19.8
408,-19.8,-21,-19.8
409,-19.8,-21,-19.8
410,-19.8,-21,-19.8
411,-19.8,-21,-19.8
412,-19.8,-21,-19.8
413,-19.8,-21,-19.8
414,-19.8,-21,-19.8
415,-19.8,-21,-19.8
416,-19.8,-21,-19.8
417,-19.8,-21,-19.8
418,-19.8,-21,-19.8
419,-19.8,-21,-19.8
420,-19.8,-21,-19.8
421,-19.8,-21,-19.8
422,-19.8,-21,-19.8
423,-19.8,-21,-19.8
424,-19.8,-21,-19.8
425,-19.8,-21,-19.8
426,-19.8,-21,-19.8
427,-19.8,-21,-19.8
428,-19.8,-21,-19.8
429,-19.8,-21,-19.8
430,-19.8,0,-19.8
431,-18.6,0,-19.8
432,-17.4,0,-18.6
433,-16.2,0,-17.4
434,-15.0,0,-16.2
435,-12.6,0,-15.0
436,-11.4,0,-12.6
437,-9.0,0,-11.4
438,-6.6,0,-9.0
439,-4.8,0,-6.6
440,-3.6,0,-4.8
441,-2.4,0,-3.6
442,-1.8,0,-2.4
443,-1.2,0,-1.8
444,-1.2,0,-1.2
445,-0.6,0,-1.2
446,-0.6,0,-0.6
447,-0.6,0,-0.6
448,-0.6,0,-0.6
449,-0.6,0,-0.6
450,-0.6,0,-0.6
451,-0.6,0,-0.6
452,0.0,0,-0.6
453,0.0,0,0.0
454,0.0,0,0.0
455,0.0,0,0.0
456,0.0,0,0.0
457,0.0,0,0.0
458,0.0,0,0.0
459,0.0,0,0.0
460,0.0,0,0.0
461,0.0,0,0.0
462,0.0,0,0.0
463,0.0,0,0.0
464,0.0,0,0.0
465,0.0,0,0.0
466,0.0,0,0.0
467,0.0,0,0.0
468,0.6,10,0.0
469,1.2,10,0.6
470,1.8,10,1.2
471,2.4,10,1.8
472,3.6,10,2.4
473,4.2,10,3.6
474,5.4,10,4.2
475,6.6,10,5.4
476,7.2,10,6.6
477,7.5,10,7.2
478,7.8,10,7.5
479,7.8,10,7.8
480,7.8,10,7.8
481,7.8,10,7.8
482,7.8,10,7.8
483,7.8,10,7.8
484,7.8,10,7.8
485,7.8,10,7.8
486,8.4,10,7.8
487,8.4,10,8.4
488,8.4,10,8.4
489,8.4,10,8.4
490,8.4,10,8.4
491,8.4,10,8.4
492,8.4,10,8.4
493,8.4,10,8.4
494,8.4,10,8.4
495,8.4,10,8.4
496,8.4,10,8.4
497,8.4,10,8.4
498,8.4,10,8.4
499,8.4,10,8.4
500,8.4,10,8.4
501,8.4,10,8.4
502,8.4,10,8.4
503,8.4,10,8.4
504,8.4,10,8.4
505,8.4,10,8.4
506,8.4,10,8.4
507,8.4,10,8.4
508,8.4,10,8.4
509,8.4,10,8.4
510,8.4,10,8.4
511,8.4,9,8.4
512,8.4,9,8.4
513,8.4,9,8.4
514,8.4,9,8.4
515,8.4,9,8.4
516,8.4,9,8.4
517,8.4,9,8.4
518,8.4,9,8.4
519,8.4,9,8.4
520,8.4,9,8.4
521,8.4,9,8.4
522,8.4,9,8.4
523,8.4,9,8.4
524,8.4,9,8.4
525,8.4,9,8.4
526,8.4,9,8.4
527,7.8,9,8.4
528,7.8,9,7.8
529,7.8,9,7.8
530,7.2,9,7.8
531,7.2,9,7.2
532,7.2,9,7.2
533,7.2,9,7.2
534,7.2,9,7.2
535,7.2,9,7.2
536,7.2,9,7.2
537,7.2,9,7.2
538,7.2,9,7.2
539,7.2,9,7.2
540,7.2,26,7.2
541,9.0,26,7.2
542,10.8,26,9.0
543,12.6,26,10.8
544,14.4,26,12.6
545,16.8,26,14.4
546,18.0,26,16.8
547,19.8,26,18.0
548,21.0,26,19.8
549,21.6,26,21.0
550,22.2,26,21.6
551,22.2,26,22.2
552,22.2,26,22.2
553,22.2,26,22.2
554,22.2,26,22.2
555,22.2,26,22.2
556,22.2,26,22.2
557,22.2,26,22.2
558,22.2,26,22.2
559,22.2,26,22.2
560,22.2,26,22.2
561,22.2,26,22.2
562,22.2,26,22.2
563,22.2,26,22.2
564,22.2,26,22.2
565,22.2,26,22.2
566,22.2,26,22.2
567,22.2,26,22.2
568,22.2,26,22.2
569,22.2,26,22.2
570,22.2,26,22.2
571,22.2,26,22.2
572,22.2,26,22.2
573,22.2,26,22.2
574,22.2,26,22.2
575,22.2,26,22.2
576,22.2,26,22.2
577,20.4,7,22.2
578,19.2,7,20.4
579,16.8,7,19.2
580,15.0,7,16.8
581,13.2,7,15.0
582,11.4,7,13.2
583,9.0,7,11.4
584,7.8,7,9.0
585,6.6,7,7.8
586,6.0,7,6.6
587,6.0,7,6.0
588,5.4,7,6.0
589,5.4,7,5.4
590,5.4,7,5.4
591,5.4,7,5.4
592,5.4,7,5.4
593,5.4,7,5.4
594,5.4,7,5.4
595,5.4,7,5.4
596,5.4,7,5.4
597,5.4,7,5.4
598,5.4,7,5.4
599,5.4,7,5.4
600,5.4,7,5.4
601,5.4,7,5.4
602,5.4,7,5.4
603,5.4,7,5.4
604,5.4,7,5.4
605,5.4,7,5.4
606,5.4,7,5.4
607,5.4,7,5.4
608,5.4,7,5.4
609,5.4,7,5.4
610,5.4,7,5.4
611,5.4,7,5.4
612,5.4,7,5.4
613,5.4,7,5.4
614,5.4,7,5.4
615,5.4,7,5.4
616,5.4,7,5.4
617,5.4,7,5.4
618,5.4,7,5.4
619,5.4,7,5.4
620,5.4,7,5.4
621,5.4,7,5.4
622,5.4,7,5.4
623,5.4,7,5.4
624,5.4,7,5.4
625,5.4,7,5.4
626,5.4,7,5.4
627,5.4,7,5.4
628,5.4,7,5.4
629,5.4,7,5.4
630,5.4,7,5.4
631,5.4,7,5.4
632,5.4,7,5.4
633,5.4,7,5.4
634,5.4,7,5.4
635,5.4,7,5.4
636,5.4,7,5.4
637,5.4,7,5.4
638,5.4,7,5.4
639,5.4,7,5.4
640,5.4,2,5.4
641,5.4,2,5.4
642,4.2,2,5.4
643,3.6,2,4.2
644,3.0,2,3.6
645,2.4,2,3.0
646,1.8,2,2.4
647,1.8,2,1.8
648,1.2,2,1.8
649,1.2,2,1.2
650,1.2,2,1.2
651,1.2,2,1.2
652,1.2,2,1.2
653,1.2,2,1.2
654,1.2,2,1.2
655,1.2,2,1.2
656,1.2,2,1.2
657,0.6,2,1.2
658,0.6,2,0.6
659,0.6,2,0.6
660,0.6,2,0.6
661,0.6,2,0.6
662,0.6,2,0.6
663,0.6,2,0.6
664,0.6,2,0.6
665,0.6,2,0.6
666,0.6,2,0.6
667,0.6,2,0.6
668,0.6,2,0.6
669,0.6,2,0.6
670,0.6,2,0.6
671,0.6,2,0.6
672,0.6,2,0.6
673,0.6,2,0.6
674,0.6,2,0.6
675,0.6,2,0.6
676,0.6,2,0.6
677,0.6,2,0.6
678,0.6,2,0.6
679,0.6,2,0.6
680,0.6,2,0.6
681,0.6,2,0.6
682,0.6,2,0.6
683,0.6,2,0.6
684,0.6,2,0.6
685,0.6,2,0.6
686,0.6,2,0.6
687,0.6,2,0.6
688,0.6,20,0.6
689,1.8,20,0.6
690,3.6,20,1.8
691,5.4,20,3.6
692,7.2,20,5.4
693,9.6,20,7.2
694,10.8,20,9.6
695,13.2,20,10.8
696,14.4,20,13.2
697,15.6,20,14.4
698,16.2,20,15.6
699,16.2,20,16.2
700,16.2,20,16.2
701,16.8,20,16.2
702,16.8,20,16.8
703,16.8,20,16.8
704,16.8,20,16.8
705,16.8,20,16.8
706,16.8,20,16.8
707,16.8,20,16.8
708,16.8,20,16.8
709,16.8,20,16.8
710,16.8,20,16.8
711,16.8,20,16.8
712,16.8,20,16.8
713,16.8,20,16.8
714,16.8,20,16.8
715,16.8,20,16.8
716,16.8,20,16.8
717,16.8,20,16.8
718,16.8,20,16.8
719,16.8,20,16.8
720,16.8,20,16.8
721,16.8,20,16.8
722,16.8,20,16.8
723,16.8,20,16.8
724,16.8,20,16.8
725,16.8,20,16.8
726,16.8,20,16.8
727,16.8,20,16.8
728,16.8,20,16.8
729,16.8,20,16.8
730,16.8,20,16.8
731,16.8,20,16.8
732,16.8,20,16.8
733,16.8,20,16.8
734,16.8,20,16.8
735,16.8,20,16.8
736,16.8,20,16.8
737,16.8,20,16.8
738,16.8,20,16.8
739,16.8,20,16.8
740,16.8,20,16.8
741,16.8,20,16.8
742,16.8,20,16.8
743,16.8,20,16.8
744,16.8,20,16.8
745,16.8,20,16.8
746,16.8,20,16.8
747,16.8,20,16.8
748,16.8,20,16.8
749,16.8,20,16.8
750,16.8,20,16.8
751,16.8,20,16.8
752,16.8,20,16.8
753,16.8,20,16.8
754,16.8,20,16.8
755,16.8,20,16.8
756,16.8,20,16.8
757,16.8,20,16.8
758,16.8,20,16.8
759,16.8,20,16.8
760,16.8,20,16.8
761,16.8,20,16.8
762,16.8,20,16.8
763,16.2,0,16.8
764,14.4,0,16.2
765,12.6,0,14.4
766,10.8,0,12.6
767,8.4,0,10.8
768,6.6,0,8.4
769,4.2,0,6.6
770,2.4,0,4.2
771,1.2,0,2.4
772,0.6,0,1.2
773,0.0,0,0.6
774,0.0,0,0.0
775,0.0,0,0.0
776,0.0,0,0.0
777,0.0,0,0.0
778,0.0,0,0.0
779,0.0,0,0.0
780,0.0,0,0.0
781,0.0,0,0.0
782,0.0,0,0.0
783,0.0,0,0.0
784,0.0,0,0.0
785,0.0,0,0.0
786,0.0,0,0.0
787,0.0,0,0.0
788,0.0,0,0.0
789,0.0,0,0.0
790,-0.6,-13,0.0
791,-1.8,-13,-0.6
792,-3.0,-13,-1.8
793,-5.4,-13,-3.0
794,-7.2,-13,-5.4
795,-9.0,-13,-7.2
796,-10.2,-13,-9.0
797,-10.8,-13,-10.2
798,-11.4,-13,-10.8
799,-11.4,-13,-11.4
800,-11.4,-13,-11.4
801,-11.4,-13,-11.4
802,-11.4,-13,-11.4
803,-11.4,-13,-11.4
804,-10.8,15,-11.4
805,-9.0,15,-10.8
806,-7.2,15,-9.0
807,-4.8,15,-7.2
808,-3.0,15,-4.8
809,-0.6,15,-3.0
810,1.2,15,-0.6
811,3.6,15,1.2
812,6.0,15,3.6
813,7.8,15,6.0
814,9.6,15,7.8
815,11.4,15,9.6
816,12.0,15,11.4
817,12.6,15,12.0
818,13.2,15,12.6
819,13.2,15,13.2
820,13.2,15,13.2
821,13.2,15,13.2
822,13.2,15,13.2
823,13.2,15,13.2
824,13.2,15,13.2
825,13.2,15,13.2
826,13.2,15,13.2
827,13.2,15,13.2
828,13.2,15,13.2
829,13.2,15,13.2
830,13.2,15,13.2
831,13.2,15,13.2
832,13.2,15,13.2
833,13.2,15,13.2
834,13.2,15,13.2
835,13.2,15,13.2
836,13.2,15,13.2
837,13.2,15,13.2
838,13.2,15,13.2
839,13.2,15,13.2
840,13.2,15,13.2
841,13.2,15,13.2
842,13.2,15,13.2
843,13.2,15,13.2
844,13.2,15,13.2
845,13.2,15,13.2
846,13.2,15,13.2
847,13.2,15,13.2
848,13.2,15,13.2
849,13.2,15,13.2
850,13.2,15,13.2
851,13.2,15,13.2
852,13.2,15,13.2
853,13.2,15,13.2
854,13.2,15,13.2
855,13.2,15,13.2
856,13.2,21,13.2
857,14.4,21,13.2
858,15.0,21,14.4
859,15.6,21,15.0
860,16.2,21,15.6
861,16.8,21,16.2
862,17.4,21,16.8
863,17.4,21,17.4
864,18.0,21,17.4
865,18.0,21,18.0
866,18.0,21,18.0
867,18.0,21,18.0
868,18.6,21,18.0
869,18.6,21,18.6
870,18.6,21,18.6
871,18.6,21,18.6
872,18.6,21,18.6
873,18.6,21,18.6
874,18.6,21,18.6
875,18.6,21,18.6
876,18.6,21,18.6
877,18.6,21,18.6
878,18.6,21,18.6
879,18.6,21,18.6
880,18.6,21,18.6
881,18.6,21,18.6
882,18.6,21,18.6
883,18.6,21,18.6
884,18.6,21,18.6
885,18.6,21,18.6
886,18.6,21,18.6
887,18.6,21,18.6
888,18.6,21,18.6
889,18.6,21,18.6
890,18.6,21,18.6
891,18.6,21,18.6
892,18.6,21,18.6
893,18.6,21,18.6
894,18.6,21,18.6
895,18.6,21,18.6
896,18.6,21,18.6
897,18.6,21,18.6
898,18.6,21,18.6
899,18.6,21,18.6
900,18.6,21,18.6
901,18.6,21,18.6
902,18.6,21,18.6
903,18.6,21,18.6
904,18.6,21,18.6
905,18.6,21,18.6
906,18.6,21,18.6
907,18.6,21,18.6
908,18.6,21,18.6
909,18.6,21,18.6
910,18.6,21,18.6
911,18.6,21,18.6
912,18.6,21,18.6
913,18.6,21,18.6
914,18.6,21,18.6
915,18.6,21,18.6
916,18.6,21,18.6
917,18.6,21,18.6
918,18.6,21,18.6
919,18.6,21,18.6
920,18.6,21,18.6
921,18.6,21,18.6
922,18.6,21,18.6
923,18.6,21,18.6
924,18.6,21,18.6
925,18.6,21,18.6
926,18.6,21,18.6
927,18.6,21,18.6
928,18.6,21,18.6
929,18.6,21,18.6
930,18.6,21,18.6
931,18.6,21,18.6
932,18.6,21,18.6
933,18.6,21,18.6
934,18.6,21,18.6
935,18.6,21,18.6
936,18.6,21,18.6
937,18.6,21,18.6
938,18.6,21,18.6
939,18.6,21,18.6
940,18.6,21,18.6
941,18.6,21,18.6
942,18.6,21,18.6
943,18.6,21,18.6
944,18.6,21,18.6
945,18.6,21,18.6
946,18.6,21,18.6
947,18.6,21,18.6
948,18.6,21,18.6
949,18.6,21,18.6
950,18.6,21,18.6
951,18.0,18,18.6
952,17.4,18,18.0
953,17.4,18,17.4
954,16.2,18,17.4
955,16.2,18,16.2
956,16.2,18,16.2
957,16.2,18,16.2
958,16.2,18,16.2
959,16.2,18,16.2
960,16.2,18,16.2
961,16.2,18,16.2
962,16.2,18,16.2
963,16.2,18,16.2
964,16.2,18,16.2
965,16.2,18,16.2
966,16.2,18,16.2
967,16.2,18,16.2
968,16.2,18,16.2
969,16.2,18,16.2
970,16.2,18,16.2
971,16.2,18,16.2
972,16.2,18,16.2
973,16.2,18,16.2
974,16.2,18,16.2
975,16.2,18,16.2
976,16.2,18,16.2
977,16.2,18,16.2
978,16.2,18,16.2
979,16.2,18,16.2
980,16.2,18,16.2
981,16.2,18,16.2
982,16.2,18,16.2
983,16.2,18,16.2
984,16.2,18,16.2
985,16.2,18,16.2
986,16.2,18,16.2
987,16.2,18,16.2
988,16.2,18,16.2
989,16.2,18,16.2
990,16.2,18,16.2
991,16.2,18,16.2
992,16.2,18,16.2
993,16.2,18,16.2
994,16.2,18,16.2
995,16.2,18,16.2
996,16.2,18,16.2
997,16.2,18,16.2
998,16.2,18,16.2
999,16.2,18,16.2
1000,16.2,18,16.2
1001,16.2,18,16.2
1002,16.2,18,16.2
1003,16.2,18,16.2
1004,16.2,18,16.2
1005,16.2,18,16.2
1006,16.2,-25,16.2
1007,15.6,-25,16.2
1008,15.0,-25,15.6
1009,13.8,-25,15.0
1010,12.0,-25,13.8
1011,10.8,-25,12.0
1012,8.4,-25,10.8
1013,6.6,-25,8.4
1014,4.8,-25,6.6
1015,2.4,-25,4.8
1016,0.6,-25,2.4
1017,-1.8,-25,0.6
1018,-4.2,-25,-1.8
1019,-6.6,-25,-4.2
1020,-8.4,-25,-6.6
1021,-10.8,-25,-8.4
1022,-13.2,-25,-10.8
1023,-15.0,-25,-13.2
1024,-17.4,-25,-15.0
1025,-19.2,-25,-17.4
1026,-20.4,-25,-19.2
1027,-21.6,-25,-20.4
1028,-22.2,-25,-21.6
1029,-22.2,-25,-22.2
1030,-22.2,-25,-22.2
1031,-22.2,-25,-22.2
1032,-22.2,-25,-22.2
1033,-22.2,-25,-22.2
1034,-22.2,-25,-22.2
1035,-22.2,-25,-22.2
1036,-22.2,-25,-22.2
1037,-22.2,-25,-22.2
1038,-22.2,-25,-22.2
1039,-22.2,-25,-22.2
1040,-22.2,-25,-22.2
1041,-22.2,-25,-22.2
1042,-22.2,-25,-22.2
1043,-22.2,-25,-22.2
1044,-22.2,-25,-22.2
1045,-22.2,-25,-22.2
1046,-22.2,-25,-22.2
1047,-22.2,-25,-22.2
1048,-22.2,-25,-22.2
1049,-22.2,-25,-22.2
1050,-22.2,-25,-22.2
1051,-22.2,-25,-22.2
1052,-22.2,-25,-22.2
1053,-22.2,-25,-22.2
1054,-22.2,-25,-22.2
1055,-22.2,-25,-22.2
1056,-22.2,-25,-22.2
1057,-22.2,-25,-22.2
1058,-22.2,-25,-22.2
1059,-22.2,-25,-22.2
1060,-22.2,-25,-22.2
1061,-22.2,-25,-22.2
1062,-22.2,-25,-22.2
1063,-22.2,-25,-22.2
1064,-22.2,-25,-22.2
1065,-22.2,-25,-22.2
1066,-22.2,-25,-22.2
1067,-22.2,-25,-22.2
1068,-22.2,-25,-22.2
1069,-22.2,-25,-22.2
1070,-22.2,-25,-22.2
1071,-22.2,-18,-22.2
1072,-21.6,-18,-22.2
1073,-20.4,-18,-21.6
1074,-18.6,-18,-20.4
1075,-17.4,-18,-18.6
1076,-16.8,-18,-17.4
1077,-16.2,-18,-16.8
1078,-16.2,-18,-16.2
1079,-16.2,-18,-16.2
1080,-16.2,-18,-16.2
1081,-15.6,-18,-16.2
1082,-15.6,-18,-15.6
1083,-15.6,-18,-15.6
1084,-15.6,-18,-15.6
1085,-15.6,-18,-15.6
1086,-15.6,-18,-15.6
1087,-15.6,-18,-15.6
1088,-15.6,-18,-15.6
1089,-15.6,-18,-15.6
1090,-15.6,-18,-15.6
1091,-15.6,-18,-15.6
1092,-15.6,-18,-15.6
1093,-15.6,-18,-15.6
1094,-15.6,-18,-15.6
1095,-15.6,-18,-15.6
1096,-15.6,-18,-15.6
1097,-15.6,-18,-15.6
1098,-15.6,-18,-15.6
1099,-15.6,-18,-15.6
1100,-15.6,-18,-15.6
1101,-15.6,-18,-15.6
1102,-15.6,-18,-15.6
1103,-15.6,-18,-15.6
1104,-15.6,-18,-15.6
1105,-15.6,-18,-15.6
1106,-15.0,0,-15.6
1107,-13.8,0,-15.0
1108,-12.6,0,-13.8
1109,-11.4,0,-12.6
1110,-10.2,0,-11.4
1111,-8.4,0,-10.2
1112,-6.6,0,-8.4
1113,-4.8,0,-6.6
1114,-3.0,0,-4.8
1115,-1.8,0,-3.0
1116,-0.6,0,-1.8
1117,0.0,0,-0.6
1118,0.0,0,0.0
1119,0.0,0,0.0
1120,0.0,0,0.0
1121,0.0,0,0.0
1122,0.0,0,0.0
1123,0.0,0,0.0
1124,0.0,0,0.0
1125,0.0,0,0.0
1126,0.0,0,0.0
1127,0.0,0,0.0
1128,0.0,0,0.0
1129,0.0,0,0.0
1130,0.0,0,0.0
1131,0.0,0,0.0
1132,0.0,0,0.0
1133,0.0,0,0.0
1134,0.0,0,0.0
1135,0.0,0,0.0
1136,0.0,0,0.0
1137,0.0,0,0.0
1138,0.0,0,0.0
1139,0.0,0,0.0
1140,0.0,0,0.0
1141,0.0,0,0.0
1142,0.0,0,0.0
1143,0.0,0,0.0
1144,0.0,0,0.0
1145,0.0,0,0.0
1146,0.0,0,0.0
1147,0.0,0,0.0
1148,0.0,0,0.0
1149,0.0,0,0.0
1150,0.0,0,0.0
1151,0.0,0,0.0
1152,0.0,0,0.0
1153,0.0,0,0.0
1154,0.0,0,0.0
1155,0.0,7,0.0
1156,0.6,7,0.0
1157,1.2,7,0.6
1158,1.8,7,1.2
1159,2.4,7,1.8
1160,3.0,7,2.4
1161,3.6,7,3.0
1162,3.6,7,3.6
1163,4.8,7,3.6
1164,5.4,7,4.8
1165,5.4,7,5.4
1166,5.4,7,5.4
1167,6.0,7,5.4
1168,6.0,7,6.0
1169,6.0,7,6.0
1170,6.0,7,6.0
1171,6.0,7,6.0
1172,6.0,7,6.0
1173,6.0,7,6.0
1174,6.0,7,6.0
1175,6.0,7,6.0
1176,6.0,7,6.0
1177,6.0,7,6.0
1178,6.0,7,6.0
1179,6.0,7,6.0
1180,6.0,7,6.0
1181,6.0,7,6.0
1182,6.0,7,6.0
1183,6.0,-36,6.0
1184,4.2,-36,6.0
1185,3.0,-36,4.2
1186,1.2,-36,3.0
1187,-0.6,-36,1.2
1188,-3.0,-36,-0.6
1189,-4.8,-36,-3.0
1190,-7.2,-36,-4.8
1191,-9.0,-36,-7.2
1192,-11.4,-36,-9.0
1193,-13.2,-36,-11.4
1194,-16.2,-36,-13.2
1195,-18.0,-36,-16.2
1196,-20.4,-36,-18.0
1197,-22.8,-36,-20.4
1198,-25.2,-36,-22.8
1199,-27.0,-36,-25.2
1200,-29.4,-36,-27.0
1201,-30.6,-36,-29.4
1202,-32.4,-36,-30.6
1203,-33.6,-36,-32.4
1204,-33.6,-36,-33.6
1205,-34.2,-36,-33.6
1206,-34.2,-36,-34.2
1207,-34.2,-36,-34.2
1208,-34.2,-36,-34.2
1209,-34.2,-36,-34.2
1210,-34.2,-36,-34.2
1211,-34.2,-36,-34.2
1212,-34.2,-36,-34.2
1213,-34.2,-36,-34.2
1214,-34.2,-36,-34.2
1215,-34.2,-36,-34.2
1216,-34.2,-36,-34.2
1217,-34.2,-36,-34.2
1218,-34.2,-36,-34.2
1219,-34.2,-36,-34.2
1220,-34.2,-36,-34.2
1221,-34.2,-36,-34.2
1222,-34.2,-36,-34.2
1223,-34.2,-36,-34.2
1224,-34.2,-36,-34.2
1225,-34.2,-36,-34.2
1226,-34.2,-36,-34.2
1227,-34.2,-36,-34.2
1228,-34.2,-36,-34.2
1229,-34.2,-36,-34.2
1230,-34.2,-36,-34.2
1231,-34.2,-36,-34.2
1232,-34.2,-36,-34.2
1233,-34.2,-36,-34.2
1234,-34.2,-36,-34.2
1235,-34.2,-36,-34.2
1236,-34.2,-36,-34.2
1237,-34.2,26,-34.2
1238,-33.6,26,-34.2
1239,-31.8,26,-33.6
1240,-30.0,26,-31.8
1241,-28.2,26,-30.0
1242,-26.4,26,-28.2
1243,-24.6,26,-26.4
1244,-22.2,26,-24.6
1245,-19.8,26,-22.2
1246,-17.4,26,-19.8
1247,-15.6,26,-17.4
1248,-13.2,26,-15.6
1249,-10.8,26,-13.2
1250,-8.4,26,-10.8
1251,-6.0,26,-8.4
1252,-3.6,26,-6.0
1253,-1.8,26,-3.6
1254,1.2,26,-1.8
1255,3.0,26,1.2
1256,5.4,26,3.0
1257,8.4,26,5.4
1258,10.2,26,8.4
1259,12.6,26,10.2
1260,14.4,26,12.6
1261,16.8,26,14.4
1262,19.2,26,16.8
1263,20.4,26,19.2
1264,21.6,26,20.4
1265,22.2,26,21.6
1266,22.2,26,22.2
1267,22.2,26,22.2
1268,22.2,26,22.2
1269,22.2,26,22.2
1270,22.2,26,22.2
1271,22.2,26,22.2
1272,22.2,26,22.2
1273,22.2,26,22.2
1274,22.2,26,22.2
1275,22.2,26,22.2
1276,22.2,26,22.2
1277,22.8,26,22.2
1278,22.8,26,22.8
1279,22.8,26,22.8
1280,22.8,26,22.8
1281,22.8,26,22.8
1282,22.8,26,22.8
1283,22.8,26,22.8
1284,22.8,26,22.8
1285,22.8,26,22.8
1286,22.8,26,22.8
1287,22.8,26,22.8
1288,22.8,26,22.8
1289,22.8,26,22.8
1290,22.8,26,22.8
1291,22.8,26,22.8
1292,22.8,26,22.8
1293,22.8,26,22.8
1294,22.8,26,22.8
1295,22.8,26,22.8
1296,22.8,26,22.8
1297,22.8,26,22.8
1298,22.8,26,22.8
1299,22.8,26,22.8
1300,22.8,26,22.8
1301,22.8,26,22.8
1302,22.8,26,22.8
1303,22.8,26,22.8
1304,22.8,26,22.8
1305,22.8,26,22.8
1306,22.8,26,22.8
1307,22.8,26,22.8
1308,22.8,26,22.8
1309,22.8,26,22.8
1310,22.8,26,22.8
1311,22.8,26,22.8
1312,22.8,26,22.8
1313,22.8,26,22.8
1314,22.8,26,22.8
1315,22.8,26,22.8
1316,22.8,26,22.8
1317,22.8,26,22.8
1318,22.8,26,22.8
1319,22.8,26,22.8
1320,22.8,26,22.8
1321,22.8,26,22.8
1322,22.2,-18,22.8
1323,21.0,-18,22.2
1324,19.2,-18,21.0
1325,17.4,-18,19.2
1326,15.6,-18,17.4
1327,13.8,-18,15.6
1328,11.4,-18,13.8
1329,9.6,-18,11.4
1330,6.6,-18,9.6
1331,4.8,-18,6.6
1332,2.4,-18,4.8
1333,0.6,-18,2.4
1334,-2.4,-18,0.6
1335,-4.2,-18,-2.4
1336,-7.2,-18,-4.2
1337,-9.0,-18,-7.2
1338,-11.4,-18,-9.0
1339,-12.6,-18,-11.4
1340,-14.4,-18,-12.6
1341,-15.0,-18,-14.4
1342,-15.6,-18,-15.0
1343,-16.2,-18,-15.6
1344,-16.2,-18,-16.2
1345,-16.2,-18,-16.2
1346,-16.2,-18,-16.2
1347,-16.2,-18,-16.2
1348,-16.2,-18,-16.2
1349,-16.2,-18,-16.2
1350,-16.2,33,-16.2
1351,-14.4,33,-16.2
1352,-12.6,33,-14.4
1353,-10.8,33,-12.6
1354,-9.0,33,-10.8
1355,-6.6,33,-9.0
1356,-4.2,33,-6.6
1357,-2.4,33,-4.2
1358,0.0,33,-2.4
1359,1.8,33,0.0
1360,4.2,33,1.8
1361,6.6,33,4.2
1362,9.0,33,6.6
1363,10.8,33,9.0
1364,13.8,33,10.8
1365,15.6,33,13.8
1366,18.0,33,15.6
1367,20.4,33,18.0
1368,22.8,33,20.4
1369,24.6,33,22.8
1370,26.4,33,24.6
1371,28.2,33,26.4
1372,28.8,33,28.2
1373,29.4,33,28.8
1374,29.4,33,29.4
1375,29.4,33,29.4
1376,29.4,33,29.4
1377,29.4,33,29.4
1378,29.4,33,29.4
1379,29.4,33,29.4
1380,29.4,33,29.4
1381,29.4,33,29.4
1382,29.4,33,29.4
1383,29.4,33,29.4
1384,29.4,33,29.4
1385,29.4,33,29.4
1386,29.4,33,29.4
1387,29.4,33,29.4
1388,29.4,33,29.4
1389,29.4,33,29.4
1390,29.4,33,29.4
1391,29.4,33,29.4
1392,29.4,33,29.4
1393,29.4,33,29.4
1394,29.4,33,29.4
1395,29.4,33,29.4
1396,29.4,33,29.4
1397,29.4,33,29.4
1398,29.4,33,29.4
1399,29.4,33,29.4
1400,29.4,33,29.4
1401,29.4,33,29.4
1402,29.4,33,29.4
1403,28.2,13,29.4
1404,26.4,13,28.2
1405,25.2,13,26.4
1406,22.8,13,25.2
1407,21.6,13,22.8
1408,19.2,13,21.6
1409,17.4,13,19.2
1410,15.6,13,17.4
1411,13.8,13,15.6
1412,12.6,13,13.8
1413,12.0,13,12.6
1414,12.0,13,12.0
1415,12.0,13,12.0
1416,11.4,13,12.0
1417,11.4,13,11.4
1418,11.4,13,11.4
1419,11.4,13,11.4
1420,11.4,13,11.4
1421,11.4,13,11.4
1422,11.4,13,11.4
1423,11.4,13,11.4
1424,11.4,13,11.4
1425,11.4,13,11.4
1426,11.4,13,11.4
1427,11.4,13,11.4
1428,11.4,13,11.4
1429,11.4,13,11.4
1430,11.4,13,11.4
1431,11.4,13,11.4
1432,11.4,13,11.4
1433,11.4,13,11.4
1434,11.4,13,11.4
1435,11.4,13,11.4
1436,11.4,13,11.4
1437,11.4,13,11.4
1438,11.4,13,11.4
1439,11.4,13,11.4
1440,11.4,13,11.4
1441,11.4,13,11.4
1442,11.4,13,11.4
1443,11.4,13,11.4
1444,11.4,13,11.4
1445,11.4,13,11.4
1446,11.4,13,11.4
1447,11.4,13,11.4
1448,11.4,13,11.4
1449,11.4,13,11.4
1450,11.4,13,11.4
1451,11.4,13,11.4
1452,11.4,13,11.4
1453,11.4,13,11.4
1454,11.4,13,11.4
1455,11.4,13,11.4
1456,11.4,13,11.4
1457,11.4,13,11.4
1458,11.4,13,11.4
1459,11.4,13,11.4
1460,11.4,13,11.4
1461,11.4,13,11.4
1462,11.4,13,11.4
1463,11.4,13,11.4
1464,11.4,13,11.4
1465,11.4,13,11.4
1466,11.4,13,11.4
1467,11.4,13,11.4
1468,11.4,13,11.4
1469,11.4,13,11.4
1470,11.4,13,11.4
1471,11.4,13,11.4
1472,11.4,0,11.4
1473,10.2,0,11.4
1474,9.0,0,10.2
1475,8.4,0,9.0
1476,7.2,0,8.4
1477,6.0,0,7.2
1478,4.8,0,6.0
1479,3.6,0,4.8
1480,2.4,0,3.6
1481,1.8,0,2.4
1482,1.2,0,1.8
1483,0.6,0,1.2
1484,0.6,0,0.6
1485,0.0,0,0.6
1486,0.0,0,0.0
1487,0.0,0,0.0
1488,0.0,0,0.0
1489,0.0,0,0.0
1490,0.0,0,0.0
1491,0.0,0,0.0
1492,0.0,0,0.0
1493,0.0,0,0.0
1494,0.0,0,0.0
1495,0.0,0,0.0
1496,0.0,0,0.0
1497,0.0,0,0.0
1498,0.0,0,0.0
1499,0.0,0,0.0
1500,0.0,0,0.0
1501,0.0,0,0.0
1502,0.0,0,0.0
1503,0.0,0,0.0
1504,0.0,0,0.0
1505,0.0,0,0.0
1506,0.0,0,0.0
1507,0.0,2,0.0
1508,0.6,2,0.0
1509,0.6,2,0.6
1510,0.6,2,0.6
1511,0.6,2,0.6
1512,1.2,2,0.6
1513,1.2,2,1.2
1514,1.2,2,1.2
1515,1.2,2,1.2
1516,1.2,2,1.2
1517,1.2,2,1.2
1518,1.2,2,1.2
1519,1.2,2,1.2
1520,1.2,2,1.2
1521,1.2,2,1.2
1522,1.2,2,1.2
1523,1.2,2,1.2
1524,0.0,-30,1.2
1525,-1.2,-30,0.0
1526,-3.0,-30,-1.2
1527,-5.4,-30,-3.0
1528,-7.2,-30,-5.4
1529,-9.0,-30,-7.2
1530,-11.4,-30,-9.0
1531,-13.2,-30,-11.4
1532,-15.6,-30,-13.2
1533,-18.0,-30,-15.6
1534,-20.4,-30,-18.0
1535,-22.2,-30,-20.4
1536,-24.0,-30,-22.2
1537,-25.2,-30,-24.0
1538,-26.4,-30,-25.2
1539,-27.0,-30,-26.4
1540,-27.6,-30,-27.0
1541,-27.6,-30,-27.6
1542,-27.6,-30,-27.6
1543,-27.6,-30,-27.6
1544,-27.6,-30,-27.6
1545,-27.6,-30,-27.6
1546,-27.6,-30,-27.6
1547,-27.6,-30,-27.6
1548,-27.6,-30,-27.6
1549,-27.6,-30,-27.6
1550,-27.6,-30,-27.6
1551,-27.6,-30,-27.6
1552,-27.6,-30,-27.6
1553,-27.6,-30,-27.6
1554,-27.6,-30,-27.6
1555,-27.6,-30,-27.6
1556,-27.6,-30,-27.6
1557,-27.6,-30,-27.6
1558,-27.6,-30,-27.6
1559,-27.6,-30,-27.6
1560,-27.6,-30,-27.6
1561,-27.6,-30,-27.6
1562,-27.6,-30,-27.6
1563,-27.6,-30,-27.6
1564,-27.6,-30,-27.6
1565,-27.6,-30,-27.6
1566,-27.6,-30,-27.6
1567,-27.6,-30,-27.6
1568,-27.6,-30,-27.6
1569,-27.6,-30,-27.6
1570,-27.6,-30,-27.6
1571,-27.6,-30,-27.6
1572,-27.6,-30,-27.6
1573,-27.6,-30,-27.6
1574,-27.6,-30,-27.6
1575,-27.6,-30,-27.6
1576,-27.6,-30,-27.6
1577,-27.6,-30,-27.6
1578,-27.0,36,-27.6
1579,-25.8,36,-27.0
1580,-24.0,36,-25.8
1581,-22.2,36,-24.0
1582,-20.4,36,-22.2
1583,-18.0,36,-20.4
1584,-15.6,36,-18.0
1585,-13.8,36,-15.6
1586,-11.4,36,-13.8
1587,-9.6,36,-11.4
1588,-6.6,36,-9.6
1589,-4.2,36,-6.6
1590,-1.8,36,-4.2
1591,0.0,36,-1.8
1592,3.0,36,0.0
1593,4.8,36,3.0
1594,7.2,36,4.8
1595,9.6,36,7.2
1596,12.0,36,9.6
1597,13.8,36,12.0
1598,16.2,36,13.8
1599,18.6,36,16.2
1600,21.0,36,18.6
1601,23.4,36,21.0
1602,25.8,36,23.4
1603,27.6,36,25.8
1604,29.4,36,27.6
1605,30.6,36,29.4
1606,31.2,36,30.6
1607,31.8,36,31.2
1608,31.8,36,31.8
1609,31.8,36,31.8
1610,31.8,36,31.8
1611,31.8,36,31.8
1612,31.8,36,31.8
1613,31.8,36,31.8
1614,31.8,36,31.8
1615,31.8,36,31.8
1616,31.8,36,31.8
1617,31.8,36,31.8
1618,31.8,36,31.8
1619,31.8,36,31.8
1620,31.8,36,31.8
1621,31.8,36,31.8
1622,31.8,36,31.8
1623,31.8,36,31.8
1624,31.8,36,31.8
1625,31.8,36,31.8
1626,31.8,36,31.8
1627,31.8,36,31.8
1628,31.8,36,31.8
1629,31.8,36,31.8
1630,31.8,36,31.8
1631,31.8,36,31.8
1632,31.8,36,31.8
1633,31.8,36,31.8
1634,31.8,36,31.8
1635,31.8,36,31.8
1636,31.8,36,31.8
1637,31.8,36,31.8
1638,31.8,36,31.8
1639,31.8,36,31.8
1640,31.8,36,31.8
1641,31.8,36,31.8
1642,31.8,36,31.8
1643,31.8,36,31.8
1644,31.8,36,31.8
1645,31.8,36,31.8
1646,31.8,36,31.8
1647,31.8,36,31.8
1648,31.8,36,31.8
1649,31.8,36,31.8
1650,31.8,36,31.8
1651,31.8,36,31.8
1652,31.8,36,31.8
1653,31.8,36,31.8
1654,31.8,36,31.8
1655,31.8,36,31.8
1656,31.8,36,31.8
1657,31.8,36,31.8
1658,31.8,36,31.8
1659,31.8,36,31.8
1660,31.8,36,31.8
1661,31.8,36,31.8
1662,31.8,36,31.8
1663,31.8,36,31.8
1664,31.8,36,31.8
1665,31.8,36,31.8
1666,31.2,3,31.8
1667,30.0,3,31.2
1668,28.2,3,30.0
1669,26.4,3,28.2
1670,24.0,3,26.4
1671,22.2,3,24.0
1672,20.4,3,22.2
1673,18.0,3,20.4
1674,15.6,3,18.0
1675,13.8,3,15.6
1676,11.4,3,13.8
1677,9.6,3,11.4
1678,7.2,3,9.6
1679,5.4,3,7.2
1680,3.6,3,5.4
1681,3.0,3,3.6
1682,2.4,3,3.0
1683,2.4,3,2.4
1684,2.4,3,2.4
1685,2.4,3,2.4
1686,2.4,3,2.4
1687,2.4,3,2.4
1688,2.4,3,2.4
1689,2.4,3,2.4
1690,2.4,3,2.4
1691,2.4,3,2.4
1692,2.4,3,2.4
1693,2.4,3,2.4
1694,2.4,3,2.4
1695,2.4,3,2.4
1696,2.4,3,2.4
1697,2.4,3,2.4
1698,2.4,3,2.4
1699,2.4,3,2.4
1700,2.4,3,2.4
1701,2.4,3,2.4
1702,2.4,3,2.4
1703,2.4,3,2.4
1704,2.4,3,2.4
1705,2.4,3,2.4
1706,2.4,3,2.4
1707,2.4,3,2.4
1708,2.4,3,2.4
1709,2.4,3,2.4
1710,2.4,3,2.4
1711,2.4,3,2.4
1712,2.4,3,2.4
1713,2.4,3,2.4
1714,2.4,3,2.4
1715,2.4,3,2.4
1716,2.4,3,2.4
1717,2.4,3,2.4
1718,2.4,3,2.4
1719,2.4,3,2.4
1720,2.4,3,2.4
1721,2.4,3,2.4
1722,2.4,3,2.4
1723,2.4,3,2.4
1724,2.4,3,2.4
1725,2.4,-40,2.4
1726,1.2,-40,2.4
1727,0.0,-40,1.2
1728,-1.2,-40,0.0
1729,-2.4,-40,-1.2
1730,-4.8,-40,-2.4
1731,-6.0,-40,-4.8
1732,-8.4,-40,-6.0
1733,-10.2,-40,-8.4
1734,-12.6,-40,-10.2
1735,-14.4,-40,-12.6
1736,-16.8,-40,-14.4
1737,-18.6,-40,-16.8
1738,-21.0,-40,-18.6
1739,-23.4,-40,-21.0
1740,-25.2,-40,-23.4
1741,-27.6,-40,-25.2
1742,-30.0,-40,-27.6
1743,-31.8,-40,-30.0
1744,-34.2,-40,-31.8
1745,-35.4,-40,-34.2
1746,-36.6,-40,-35.4
1747,-37.2,-40,-36.6
1748,-37.2,-40,-37.2
1749,-37.2,-40,-37.2
1750,-37.2,-40,-37.2
1751,-37.2,-40,-37.2
1752,-37.2,-40,-37.2
1753,-37.8,-40,-37.2
1754,-37.8,-40,-37.8
1755,-37.8,-40,-37.8
1756,-37.8,-40,-37.8
1757,-37.8,-40,-37.8
1758,-37.8,-40,-37.8
1759,-37.8,-40,-37.8
1760,-37.8,-40,-37.8
1761,-37.8,-40,-37.8
1762,-37.8,-40,-37.8
1763,-37.8,-40,-37.8
1764,-37.8,-40,-37.8
1765,-37.8,-40,-37.8
1766,-37.8,-40,-37.8
1767,-37.8,-40,-37.8
1768,-37.8,-40,-37.8
1769,-37.8,-40,-37.8
1770,-37.8,-40,-37.8
1771,-37.8,-40,-37.8
1772,-37.8,-40,-37.8
1773,-37.8,-40,-37.8
1774,-37.8,-40,-37.8
1775,-37.8,-40,-37.8
1776,-37.8,-40,-37.8
1777,-37.8,-40,-37.8
1778,-37.8,-40,-37.8
1779,-37.8,-40,-37.8
1780,-37.8,-40,-37.8
1781,-37.8,-40,-37.8
1782,-37.8,-40,-37.8
1783,-37.8,-40,-37.8
1784,-37.8,-40,-37.8
1785,-37.8,-40,-37.8
1786,-37.8,-40,-37.8
1787,-37.8,-40,-37.8
1788,-37.8,-40,-37.8
1789,-37.8,-40,-37.8
1790,-37.8,-3,-37.8
1791,-36.6,-3,-37.8
1792,-35.4,-3,-36.6
1793,-33.6,-3,-35.4
1794,-31.2,-3,-33.6
1795,-29.4,-3,-31.2
1796,-27.6,-3,-29.4
1797,-25.2,-3,-27.6
1798,-22.8,-3,-25.2
1799,-21.0,-3,-22.8
1800,-18.0,-3,-21.0
1801,-16.2,-3,-18.0
1802,-13.8,-3,-16.2
1803,-12.0,-3,-13.8
1804,-9.0,-3,-12.0
1805,-7.2,-3,-9.0
1806,-5.4,-3,-7.2
1807,-4.8,-3,-5.4
1808,-4.2,-3,-4.8
1809,-4.2,-3,-4.2
1810,-3.6,-3,-4.2
1811,-3.6,-3,-3.6
1812,-3.6,-3,-3.6
1813,-3.6,-3,-3.6
1814,-3.0,-3,-3.6
1815,-3.0,-3,-3.0
1816,-3.0,-3,-3.0
1817,-3.0,-3,-3.0
1818,-3.0,-3,-3.0
1819,-3.0,-3,-3.0
1820,-3.0,-3,-3.0
1821,-3.0,-3,-3.0
1822,-3.0,-3,-3.0
1823,-3.0,-3,-3.0
1824,-3.0,-3,-3.0
1825,-3.0,-3,-3.0
1826,-3.0,-3,-3.0
1827,-2.4,0,-3.0
1828,-2.4,0,-2.4
1829,-1.8,0,-2.4
1830,-1.8,0,-1.8
1831,-1.8,0,-1.8
1832,-1.2,0,-1.8
1833,-1.2,0,-1.2
1834,-1.2,0,-1.2
1835,-0.6,0,-1.2
1836,-0.6,0,-0.6
1837,-0.6,0,-0.6
1838,0.0,0,-0.6
1839,0.0,0,0.0
1840,0.0,0,0.0
1841,0.0,0,0.0
1842,0.0,0,0.0
1843,0.0,0,0.0
1844,0.0,0,0.0
1845,0.0,0,0.0
1846,0.0,0,0.0
1847,0.0,0,0.0
1848,0.0,0,0.0
1849,0.0,0,0.0
1850,0.0,0,0.0
1851,0.0,0,0.0
1852,0.0,0,0.0