time_s,servo_angle,ball_position
0,45,378
1.63374727252656e-06,45,378
9.80248363515934e-06,45,378
5.06461654483232e-05,45,378
0.000254864574514143,45,377.999999999876
0.00127595661984324,45,377.999999922738
0.00497624120874237,45,377.999982609206
0.01,45,377.999726770392
0.02,45,377.995940869128
0.03,45,377.98092430575
0.04,45,377.944050354302
0.05,45,377.873273402376
0.06,45,377.756261142434
0.07,45,377.581195945496
0.08,45,377.337282470994
0.09,45,377.015014149696
0.1,45,376.606259389693
0.11,45,376.104226318156
0.12,45,375.503355449492
0.13,45,374.799177206083
0.14,45,373.988159133891
0.15,45,373.067557792685
0.16,45,372.03528318539
0.17,45,370.889778967497
0.18,45,369.629918969076
0.19,45,368.254919159956
0.2,45,366.764263589385
0.21,45,365.157642674166
0.22,45,363.43490226353
0.23,45,361.596002043315
0.24,45,359.640981990806
0.25,-5.33801149932327,357.569935728617
0.26,-5.32775450575041,355.383197553562
0.27,-5.31749751217755,353.083414526348
0.28,-5.30724051860469,350.676946730572
0.29,-5.29698352503182,348.173056107377
0.3,-45,345.583011920079
0.31,-45,342.919455260304
0.32,-45,340.197850114802
0.33,-45,337.437338631729
0.34,-45,334.659102418103
0.35,-45,331.884653192699
0.36,-45,329.134463421338
0.37,-45,326.42704062373
0.38,-45,323.778441323957
0.39,-45,321.202142354715
0.4,-45,318.709156786217
0.41,-45,316.30828831377
0.42,-45,314.006442818083
0.43,-45,311.808944147479
0.44,-45,309.719824948192
0.45,-45,307.742080046317
0.46,-45,305.877879983324
0.47,-45,304.128747506451
0.48,-45,302.495701875762
0.49,-45,300.979376163201
0.5,-45,299.580112221451
0.51,-45,298.298037242398
0.52,-45,297.133125084381
0.53,-45,296.08524493393
0.54,-45,295.154199399658
0.55,-25.6431233206275,294.339753791293
0.56,-25.6391893452483,293.641578717664
0.57,-25.6352553698692,293.058476757626
0.58,-25.6313213944901,292.587906783672
0.59,-25.6273874191109,292.226372779288
0.6,11.7182871563811,291.969801329313
0.61,11.721984136514,291.813669405136
0.62,11.7256811166469,291.75143876286
0.63,11.7293780967799,291.773483693147
0.64,11.7330750769128,291.867975939719
0.65,45,292.021862654951
0.66,45,292.221538294887
0.67,45,292.451590418436
0.68,45,292.694131155018
0.69,45,292.930271836804
0.7,45,293.141494441113
0.71,45,293.310633376438
0.72,45,293.422462177428
0.73,45,293.463941516941
0.74,45,293.424217901442
0.75,45,293.29446541693
0.76,45,293.067647200821
0.77,45,292.738250975239
0.78,45,292.302031968467
0.79,45,291.755780428827
0.8,13.1627857218288,291.097120244605
0.81,13.1663954338533,290.324471388891
0.82,13.1700051458777,289.438217083811
0.83,13.1736148579022,288.441389074518
0.84,13.1772245699266,287.33897628603
0.85,-31.4458967816109,286.13728054223
0.86,-31.4427830535567,284.843601168602
0.87,-31.4396693255024,283.468084106513
0.88,-31.4365555974482,282.024989682477
0.89,-31.433441869394,280.531424571939
0.9,-45,279.005891879551
0.91,-45,277.467077453046
0.92,-45,275.933634997824
0.93,-45,274.423916824161
0.94,-45,272.955050175343
0.95,-45,271.542312104015
0.96,-45,270.198846623216
0.97,-45,268.935638379648
0.98,-45,267.761651441019
0.99,-45,266.684055640968
1,-45,265.708484444699
1.01,-45,264.839289228214
1.02,-45,264.07977128845
1.03,-45,263.432384006783
1.04,-45,262.898904153521
1.05,-35.5457283969675,262.480574634432
1.06,-35.544980339504,262.178183584968
1.07,-35.5442322820406,261.991779891598
1.08,-35.5434842245772,261.920530688915
1.09,-35.5427361671137,261.962985566419
1.1,4.12716524026323,262.117312529574
1.11,4.12787697151619,262.381305593802
1.12,4.12858870276915,262.750754872975
1.13,4.1293004340221,263.218333400855
1.14,4.13001216527506,263.774378739648
1.15,44.0311135366135,264.407754646159
1.16,44.0320543120781,265.10641243196
1.17,44.0329950875427,265.855786457675
1.18,44.0339358630074,266.637838321253
1.19,44.034876638472,267.432636414106
1.2,45,268.219963747912
1.21,45,268.980575103373
1.22,45,269.696988842042
1.23,45,270.353907803363
1.24,45,270.938381292752
1.25,45,271.439737799558
1.26,45,271.849377760809
1.27,45,272.160502180806
1.28,45,272.367828283719
1.29,45,272.467321833793
1.3,35.8694160505034,272.455960078104
1.31,35.8711616465112,272.331567561625
1.32,35.872907242519,272.093020259717
1.33,35.8746528385268,271.740313263171
1.34,35.8763984345347,271.274242855576
1.35,-5.09831796790025,270.696134413709
1.36,-5.09674835445888,270.007813623009
1.37,-5.09517874101751,269.213261911496
1.38,-5.09360912757614,268.319744211395
1.39,-5.09203951413477,267.337003279947
1.4,-45,266.276373975153
1.41,-45,265.150192914049
1.42,-45,263.973371803956
1.43,-45,262.764325525499
1.44,-45,261.543361279513
1.45,-45,260.331038996033
1.46,-45,259.146885234505
1.47,-45,258.00853620645
1.48,-45,256.931293745863
1.49,-45,255.928012425992
1.5,-45,255.009211988208
1.51,-45,254.183317086757
1.52,-45,253.456949732782
1.53,-45,252.835225831338
1.54,-45,252.322028910567
1.55,0.591068581947235,251.920249374116
1.56,0.591068581947235,251.631796253122
1.57,0.591068581947235,251.45587574288
1.58,0.591068581947235,251.387929596992
1.59,0.591068581947235,251.420528966612
1.6,0.72003641686353,251.544239982341
1.61,0.72003641686353,251.748401798745
1.62,0.72003641686353,252.021829837158
1.63,0.72003641686353,252.353419517249
1.64,0.72003641686353,252.732624157969
1.65,0.72003641686353,253.149787875403
1.66,0.72003641686353,253.596341864927
1.67,0.72003641686353,254.064886726982
1.68,0.72003641686353,254.549188667077
1.69,0.72003641686353,255.044116512316
1.7,9.01228027588874,255.545542359146
1.71,9.01233483012466,256.050173105725
1.72,9.01238938436057,256.5549300717
1.73,9.01244393859649,257.056546762887
1.74,9.0124984928324,257.551737427093
1.75,39.2505094025696,258.037354818591
1.76,39.2508131380515,258.51030966458
1.77,39.2511168735333,258.96583278474
1.78,39.2514206090152,259.396510732035
1.79,39.251724344497,259.793361422726
1.8,36.430454659003,260.146815411435
1.81,36.4309693405442,260.447440310457
1.82,36.4314840220853,260.686566508628
1.83,36.4319987036265,260.856639758675
1.84,36.4325133851676,260.951249182531
1.85,19.3380040113073,260.965067006463
1.86,19.338600518008,260.893835439021
1.87,19.3391970247086,260.735091824482
1.88,19.3397935314092,260.488507117782
1.89,19.3403900381099,260.155298716744
1.9,-10.7702955695452,259.737714389098
1.91,-10.7698217981063,259.238795407702
1.92,-10.7693480266674,258.663656140534
1.93,-10.7688742552284,258.020266890425
1.94,-10.7684004837895,257.318530719321
1.95,-41.7438236753337,256.569370072906
1.96,-41.7436667383264,255.784159930598
1.97,-41.7435098013191,254.975983429757
1.98,-41.7433528643118,254.160300494165
1.99,-41.7431959273045,253.353612180554
2,-21.2406436717956,252.572239118148
2.01,-21.2406436717956,251.831330126257
2.02,-21.2406436717956,251.143189715463
2.03,-21.2406436717956,250.516490768334
2.04,-21.2406436717956,249.956992868089
2.05,0.730537348892351,249.468249563014
2.06,0.730537348892351,249.052053041847
2.07,0.730537348892351,248.707708652889
2.08,0.730537348892351,248.431688330453
2.09,0.730537348892351,248.218498212946
2.1,0.730537348892351,248.061456222034
2.11,0.730537348892351,247.953305358944
2.12,0.730537348892351,247.886690333009
2.13,0.730537348892351,247.854512021716
2.14,0.730537348892351,247.850172907086
2.15,0.730537348892351,247.867729063707
2.16,0.730537348892351,247.901966313396
2.17,0.730537348892351,247.948418421169
2.18,0.730537348892351,248.003343795374
2.19,0.730537348892351,248.063674717903
2.2,0.730537348892351,248.126950324538
2.21,0.730537348892351,248.191241843583
2.22,0.730537348892351,248.255076232663
2.23,0.730537348892351,248.317362417673
2.24,0.730537348892351,248.377322827188
2.25,0.730537348892351,248.434431777588
2.26,0.730537348892351,248.48836143208
2.27,0.730537348892351,248.53893546708
2.28,0.730537348892351,248.586090176925
2.29,0.730537348892351,248.629842488235
2.3,0.730537348892351,248.670264202763
2.31,0.730537348892351,248.707461714436
2.32,0.730537348892351,248.741560430467
2.33,0.730537348892351,248.77269315049
2.34,0.730537348892351,248.800991708273
2.35,0.730537348892351,248.826581247079
2.36,0.730537348892351,248.849576574315
2.37,0.730537348892351,248.870080117861
2.38,0.730537348892351,248.888181081257
2.39,0.730537348892351,248.90395546492
2.4,0.730537348892351,248.917466684119
2.41,0.730537348892351,248.928766570571
2.42,0.730537348892351,248.937896593027
2.43,0.730537348892351,248.944889173226
2.44,0.730537348892351,248.949769007525
2.45,0.730537348892351,248.952554332055
2.46,0.730537348892351,248.953258091085
2.47,0.730537348892351,248.951888985186
2.48,0.730537348892351,248.94845238856
2.49,0.730537348892351,248.942951134124
2.5,0.730537348892351,248.935386171474
2.51,0.730537348892351,248.925757107041
2.52,0.730537348892351,248.91406263825
2.53,0.730537348892351,248.900300894705
2.54,0.730537348892351,248.884469699592
2.55,0.730537348892351,248.866566764099
2.56,0.730537348892351,248.846589826707
2.57,0.730537348892351,248.824536748078
2.58,0.730537348892351,248.800405570955
2.59,0.730537348892351,248.774194553185
2.6,0.730537348892351,248.745902180679
2.61,0.730537348892351,248.715527165932
2.62,0.730537348892351,248.683068436655
2.63,0.730537348892351,248.648525118085
2.64,0.730537348892351,248.611896511757
2.65,0.730537348892351,248.573182072797
2.66,0.730537348892351,248.532381387227
2.67,0.730537348892351,248.489494150327
2.68,0.730537348892351,248.444520146705
2.69,0.730537348892351,248.397459232462
2.7,0.730537348892351,248.348311319612
2.71,0.730537348892351,248.297076362785
2.72,0.730537348892351,248.243754348088
2.73,0.730537348892351,248.188345283993
2.74,0.730537348892351,248.130849194015
2.75,0.730537348892351,248.071266110981
2.76,0.730537348892351,248.00959607264
2.77,0.730537348892351,247.945839118418
2.78,0.730537348892351,247.879995287091
2.79,0.730537348892351,247.81206461522
2.8,0.730537348892351,247.742047136163
2.81,0.730537348892351,247.669942879545
2.82,0.730537348892351,247.595751871058
2.83,0.730537348892351,247.519474132511
2.84,0.730537348892351,247.441109682031
2.85,0.730537348892351,247.360658534379
2.86,0.730537348892351,247.278120701316
2.87,0.730537348892351,247.193496191998
2.88,0.730537348892351,247.106785013362
2.89,0.730537348892351,247.017987170499
2.9,0.730537348892351,246.927102666991
2.91,0.730537348892351,246.834131505216
2.92,0.730537348892351,246.739073686613
2.93,0.730537348892351,246.641929211906
2.94,0.730537348892351,246.542698081293
2.95,0.730537348892351,246.4413802946
2.96,0.730537348892351,246.337975851405
2.97,0.730537348892351,246.232484751132
2.98,0.730537348892351,246.124906993127
2.99,0.730537348892351,246.015242576711
3,0.730537348892351,245.90349150122
3.01,0.730537348892351,245.789653766029
3.02,0.730537348892351,245.67372937057
3.03,0.730537348892351,245.555718314339
3.04,0.730537348892351,245.435620596899
3.05,0.730537348892351,245.313436217882
3.06,0.730537348892351,245.189165176982
3.07,0.730537348892351,245.062807473948
3.08,0.730537348892351,244.934363108584
3.09,0.730537348892351,244.803832080736
3.1,-4.26700391875705,244.671214390286
3.11,-4.26703679731802,244.536540398313
3.12,-4.26706967587899,244.400169886364
3.13,-4.26710255443996,244.262961365301
3.14,-4.26713543300093,244.126102612418
3.15,-10.0041227144249,243.990954328519
3.16,-10.004223618992,243.858969108369
3.17,-10.0043245235592,243.731951941355
3.18,-10.0044254281263,243.612198058229
3.19,-10.0045263326935,243.502262694084
3.2,-9.39110635726477,243.40476222426
3.21,-9.39126588104235,243.322230491451
3.22,-9.39142540481992,243.256989641879
3.23,-9.39158492859749,243.211073926036
3.24,-9.39174445237507,243.186222861523
3.25,-4.54242426784951,243.183893161673
3.26,-4.54260587853334,243.205250891903
3.27,-4.54278748921717,243.250911552685
3.28,-4.54296909990101,243.320807212369
3.29,-4.54315071058484,243.414378086945
3.3,3.82105801146999,243.530749968023
3.31,3.82091108646679,243.668820581946
3.32,3.8207641614636,243.826865509043
3.33,3.8206172364604,244.002328999517
3.34,3.8204703114572,244.192154126854
3.35,12.071672615078,244.393075265228
3.36,12.0716119226045,244.601780964339
3.37,12.0715512301311,244.814568070333
3.38,12.0714905376576,245.027157465061
3.39,12.0714298451841,245.235029820069
3.4,9.22407096036627,245.433710175076
3.41,9.22407096036627,245.618980013554
3.42,9.22407096036627,245.787169398757
3.43,9.22407096036627,245.935318567283
3.44,9.22407096036627,246.061106131356
3.45,0.727124673561346,246.162756312242
3.46,0.727124673561346,246.239000973922
3.47,0.727124673561346,246.289498982204
3.48,0.727124673561346,246.315046966638
3.49,0.727124673561346,246.317233004591
3.5,0.727124673561346,246.298121703505
3.51,0.727124673561346,246.260014657312
3.52,0.727124673561346,246.205273415758
3.53,0.727124673561346,246.136193761489
3.54,0.727124673561346,246.054921398805
3.55,0.727124673561346,245.963400328133
3.56,0.727124673561346,245.863346318278
3.57,0.727124673561346,245.756239015694
3.58,0.727124673561346,245.643327322842
3.59,0.727124673561346,245.52564370026
3.6,0.727124673561346,245.404023969083
3.61,0.727124673561346,245.279129994627
3.62,0.727124673561346,245.151473311686
3.63,0.727124673561346,245.021438312271
3.64,0.727124673561346,244.88930406635
3.65,-2.99285950731512,244.755264198627
3.66,-2.99288398089525,244.619467113689
3.67,-2.99290845447539,244.482253873441
3.68,-2.99293292805553,244.344297157109
3.69,-2.99295740163567,244.206485852923
3.7,-9.98547148890324,244.069817433303
3.71,-9.98556450715991,243.935361166199
3.72,-9.98565752541658,243.804620379676
3.73,-9.98575054367325,243.679731359229
3.74,-9.98584356192992,243.563202455099
3.75,-9.69412988644858,243.457682695093
3.76,-9.69428411817907,243.365793829664
3.77,-9.69443834990956,243.289999651712
3.78,-9.69459258164005,243.232524766164
3.79,-9.69474681337054,243.195325201437
3.8,-5.34454348781644,243.180082117616
3.81,-5.34472547960467,243.188184109064
3.82,-5.34490747139291,243.22048821425
3.83,-5.34508946318115,243.277198676268
3.84,-5.34527145496939,243.358039340897
3.85,2.8324130145828,243.462414905554
3.86,2.83225925607336,243.589487405287
3.87,2.83210549756391,243.73778675502
3.88,2.83195173905447,243.905004447864
3.89,2.83179798054503,244.08831562604
3.9,11.3771934935389,244.28466545178
3.91,11.3771219600841,244.490926860172
3.92,11.3770504266293,244.703536071398
3.93,11.3769788931745,244.918298333278
3.94,11.3769073597196,245.13073439046
3.95,10.7384133120368,245.336376193582
3.96,10.7384133120368,245.53097517977
3.97,10.7384133120368,245.710671181711
3.98,10.7384133120368,245.872087222603
3.99,10.7384133120368,246.012338139665
4,0.723729636962333,246.129010177433
4.01,0.723729636962333,246.220184865701
4.02,0.723729636962333,246.284984298794
4.03,0.723729636962333,246.323855904234
4.04,0.723729636962333,246.338190417524
4.05,0.723729636962333,246.329969019873
4.06,0.723729636962333,246.30149275692
4.07,0.723729636962333,246.255180310286
4.08,0.723729636962333,246.193422120698
4.09,0.723729636962333,246.118480308593
4.1,0.723729636962333,246.032425062707
4.11,0.723729636962333,245.937099328376
4.12,0.723729636962333,245.834104778928
4.13,0.723729636962333,245.724803184658
4.14,0.723729636962333,245.610328368639
4.15,0.723729636962333,245.491604921937
4.16,0.723729636962333,245.369370718643
4.17,0.723729636962333,245.244201013128
4.18,0.723729636962333,245.116532518659
4.19,0.723729636962333,244.986686366116
4.2,-1.48195397061091,244.854889236344
4.21,-1.48196848168728,244.721305664101
4.22,-1.48198299276364,244.586186531173
4.23,-1.48199750384001,244.449957873446
4.24,-1.48201201491637,244.313157863419
4.25,-9.76385460017615,244.176377475464
4.26,-9.7639369624286,244.040267433722
4.27,-9.76401932468105,243.906003430102
4.28,-9.76410168693351,243.775546406296
4.29,-9.76418404918596,243.651349094293
4.3,-9.99746702863816,243.536090286681
4.31,-9.9976134196095,243.432482275193
4.32,-9.99775981058083,243.343149470919
4.33,-9.99790620155216,243.270547854466
4.34,-9.99805259252349,243.216905189797
4.35,-6.38307099294594,243.184189454284
4.36,-6.38325257400051,243.17407752479
4.37,-6.38343415505508,243.187747377398
4.38,-6.38361573610965,243.225773917774
4.39,-6.38379731716422,243.288272901196
4.4,1.44353180655066,243.375038076075
4.41,1.44336931035826,243.485603255062
4.42,1.44320681416587,243.618863651916
4.43,1.44304431797348,243.772876014006
4.44,1.44288182178109,243.945166125794
4.45,10.2919151461385,244.133003636971
4.46,10.2918284465022,244.333551015943
4.47,10.2917417468659,244.543477954942
4.48,10.2916550472296,244.758755722746
4.49,10.2915683475933,244.975014023857
4.5,12.8583085134483,245.187848208646
4.51,12.8583085134483,245.393018589159
4.52,12.8583085134483,245.586437534337
4.53,12.8583085134483,245.76416535661
4.54,12.8583085134483,245.92253556807
4.55,0.720359431045243,246.058240316307
4.56,0.720359431045243,246.168444533956
4.57,0.720359431045243,246.251509838398
4.58,0.720359431045243,246.30738376983
4.59,0.720359431045243,246.337168345531
4.6,0.720359431045243,246.342714805454
4.61,0.720359431045243,246.326310325788
4.62,0.720359431045243,246.290441133883
4.63,0.720359431045243,246.237618844021
4.64,0.720359431045243,246.170258540463
4.65,0.720359431045243,246.090598469304
4.66,0.720359431045243,246.000652403751
4.67,0.720359431045243,245.902186928833
4.68,0.720359431045243,245.796717066586
4.69,0.720359431045243,245.685514801085
4.7,0.720359431045243,245.569626123794
4.71,0.720359431045243,245.44989317167
4.72,0.720359431045243,245.326978855522
4.73,0.720359431045243,245.20139206984
4.74,0.720359431045243,245.073512143165
4.75,-0.136743623266103,244.943611641164
4.76,-0.136749262101987,244.811882194422
4.77,-0.13675490093787,244.678503959108
4.78,-0.136760539773754,244.543690298712
4.79,-0.136766178609637,244.407671909789
4.8,-9.57588189500462,244.270680910817
4.81,-9.57595482691354,244.132997144732
4.82,-9.57602775882246,243.995505876157
4.83,-9.57610069073137,243.860013274162
4.84,-9.57617362264029,243.728923934749
4.85,-10.2744088625124,243.604944559974
4.86,-10.2745483680564,243.490869470004
4.87,-10.2746878736004,243.38946738801
4.88,-10.2748273791444,243.303401412895
4.89,-10.2749668846884,243.235142164174
4.9,-7.30886677213624,243.186913685388
4.91,-7.3090480807677,243.160649962316
4.92,-7.30922938939917,243.157814587035
4.93,-7.30941069803063,243.179311560122
4.94,-7.30959200666209,243.22560398186
4.95,0.213385713897944,243.296829921243
4.96,0.213215396890068,243.392851806183
4.97,0.213045079882193,243.512887103389
4.98,0.212874762874317,243.655314106628
4.99,0.212704445866441,243.817966904426
5,9.3375765420138,243.998400297237
5.01,9.33747638204352,244.194031139138
5.02,9.33737622207324,244.401733950985
5.03,9.33727606210297,244.61762512124
5.04,9.33717590213269,244.837429052807
5.05,14.7394059602308,245.056795578347
5.06,14.7394059602308,245.271491304032
5.07,14.7394059602308,245.47722534602
5.08,14.7394059602308,245.669557134995
5.09,14.7394059602308,245.844125232705
5.1,0.717010121553156,245.996827335955
5.11,0.717010121553156,246.124015238461
5.12,0.717010121553156,246.223377346865
5.13,0.717010121553156,246.294419779588
5.14,0.717010121553156,246.337990295767
5.15,0.717010121553156,246.355826280153
5.16,0.717010121553156,246.350203600168
5.17,0.717010121553156,246.323669112626
5.18,0.717010121553156,246.278842478882
5.19,0.717010121553156,246.21827495883
5.2,0.717010121553156,246.14435432843
5.21,0.717010121553156,246.05924632046
5.22,0.717010121553156,245.964864196467
5.23,0.717010121553156,245.862859266941
5.24,0.717010121553156,245.754626366016
5.25,0.717010121553156,245.641319413223
5.26,0.717010121553156,245.523873219216
5.27,0.717010121553156,245.403028590207
5.28,0.717010121553156,245.279358547883
5.29,0.717010121553156,245.1532941101
5.3,0.717010121553156,245.025148582918
5.31,0.717010121553156,244.895139710526
5.32,0.717010121553156,244.763409331921
5.33,0.717010121553156,244.630040417158
5.34,0.717010121553156,244.495071515811
5.35,-9.03365674389347,244.358508758852
5.36,-9.03372089301758,244.220394863004
5.37,-9.03378504214169,244.08140042047
5.38,-9.03384919126581,243.943160259468
5.39,-9.03391334038992,243.807947126985
5.4,-10.3912175019571,243.678369456976
5.41,-10.3913496650114,243.55715523152
5.42,-10.3914818280657,243.44707286488
5.43,-10.39161399112,243.350868542867
5.44,-10.3917461541743,243.271152654082
5.45,-7.98425811053941,243.210321429373
5.46,-7.98443707839647,243.17049861498
5.47,-7.98461604625353,243.153374944312
5.48,-7.9847950141106,243.160128531334
5.49,-7.98497398196766,243.191519153271
5.5,-0.860014199131952,243.247983690179
5.51,-0.860189400762934,243.329673766796
5.52,-0.860364602393916,243.436101091407
5.53,-0.860539804024898,243.565951737523
5.54,-0.86071500565588,243.717365376728
5.55,8.34293144130864,243.888187196749
5.56,8.34282026002831,244.076100305083
5.57,8.34270907874799,244.27821230615
5.58,8.34259789746766,244.4908346544
5.59,8.34248671618733,244.709850380072
5.6,15.230806699039,244.93103458202
5.61,15.2307998024972,245.150240581812
5.62,15.2307929059554,245.363140788254
5.63,15.2307860094136,245.565088424786
5.64,15.2307791128718,245.751401563255
5.65,1.67918317582659,245.917594352975
5.66,1.67918317582659,246.059607704343
5.67,1.67918317582659,246.174692321083
5.68,1.67918317582659,246.261891930574
5.69,1.67918317582659,246.321592246946
5.7,0.713667324110232,246.355088390531
5.71,0.713667324110232,246.364252575563
5.72,0.713667324110232,246.351331928494
5.73,0.713667324110232,246.318787186137
5.74,0.713667324110232,246.269120397342
5.75,0.713667324110232,246.204748578095
5.76,0.713667324110232,246.127919796827
5.77,0.713667324110232,246.040662668398
5.78,0.713667324110232,245.944761413472
5.79,0.713667324110232,245.841749812479
5.8,0.713667324110232,245.732918522764
5.81,0.713667324110232,245.619331293563
5.82,0.713667324110232,245.501846573361
5.83,0.713667324110232,245.381141838842
5.84,0.713667324110232,245.257738678615
5.85,0.713667324110232,245.132027242622
5.86,0.713667324110232,245.0042891305
5.87,0.713667324110232,244.874718152928
5.88,0.713667324110232,244.743438674176
5.89,0.713667324110232,244.610521445921
5.9,-7.25117849606442,244.475996985515
5.91,-7.25123089636587,244.339915037848
5.92,-7.25128329666732,244.202830193229
5.93,-7.25133569696876,244.066078829762
5.94,-7.25138809727021,243.931514416158
5.95,-10.1713664183731,243.801262240542
5.96,-10.171486292149,243.67755518965
5.97,-10.1716061659249,243.562778381783
5.98,-10.1717260397009,243.459479643076
5.99,-10.1718459134768,243.370215279958
6,-8.38394061219624,243.297429263267
6.01,-8.38411086926991,243.243364555294
6.02,-8.38428112634359,243.209912443165
6.03,-8.38445138341726,243.198533276916
6.04,-8.38462164049093,243.210315255536
6.05,-2.1122394281554,243.246040499292
6.06,-2.11241482410547,243.306206855373
6.07,-2.11259022005554,243.390709305059
6.08,-2.11276561600561,243.498674337377
6.09,-2.11294101195568,243.628706455577
6.1,6.70901338662371,243.779112018954
6.11,6.70889129782561,243.948014436918
6.12,6.7087692090275,244.132951403363
6.13,6.7086471202294,244.330660244226
6.14,6.70852503143129,244.537428913081
6.15,13.9938329027994,244.749403547601
6.16,13.9938078431542,244.962764721468
6.17,13.9937827835089,245.173441068136
6.18,13.9937577238637,245.376956667198
6.19,13.9937326642184,245.568730201913
6.2,4.21869227996837,245.744322373062
6.21,4.21869227996837,245.899658392283
6.22,4.21869227996837,246.031703196156
6.23,4.21869227996837,246.138831365341
6.24,4.21869227996837,246.220507591298
6.25,0.710341946387818,246.27697203419
6.26,0.710341946387818,246.309010432729
6.27,0.710341946387818,246.3179653314
6.28,0.710341946387818,246.305704118036
6.29,0.710341946387818,246.274390287003
6.3,0.710341946387818,246.226294497325
6.31,0.710341946387818,246.163658506808
6.32,0.710341946387818,246.088602016891
6.33,0.710341946387818,246.003063626589
6.34,0.710341946387818,245.908768209615
6.35,0.710341946387818,245.807214131776
6.36,0.710341946387818,245.699674800883
6.37,0.710341946387818,245.587210056001
6.38,0.710341946387818,245.47068382618
6.39,0.710341946387818,245.35078530094
6.4,0.710341946387818,245.228051547634
6.41,0.710341946387818,245.102890086093
6.42,0.710341946387818,244.975600396683
6.43,0.710341946387818,244.846393705828
6.44,0.710341946387818,244.715410676481
6.45,-5.63205803875515,244.582736843083
6.46,-5.63209976507084,244.448454316676
6.47,-5.63214149138653,244.313032342899
6.48,-5.63218321770223,244.177551179377
6.49,-5.63222494401792,244.043494198299
6.5,-9.97734585126939,243.912555041913
6.51,-9.9774545957652,243.786521177616
6.52,-9.97756334026101,243.667431915302
6.53,-9.97767208475682,243.557656235419
6.54,-9.97778082925263,243.459702051434
6.55,-8.75011296538824,243.376057107175
6.56,-8.75027535967753,243.309072901882
6.57,-8.75043775396681,243.260823037625
6.58,-8.75060014825609,243.233024252045
6.59,-8.75076254254537,243.227062907715
6.6,-3.24669984118765,243.24403434463
6.61,-3.24687543775319,243.284750266648
6.62,-3.24705103431872,243.349452614231
6.63,-3.24722663088426,243.437665945664
6.64,-3.2474022274498,243.548414370701
6.65,5.23380509845081,243.680420150343
6.66,5.23367314046585,243.832203498188
6.67,5.23354118248088,244.001689399492
6.68,5.23340922449592,244.18599847543
6.69,5.23327726651095,244.38178321628
6.7,12.8813240135865,244.585524096728
6.71,12.8812825659961,244.793696976198
6.72,12.8812411184058,245.002462035249
6.73,12.8811996708155,245.207498062925
6.74,12.8811582232251,245.404315128695
6.75,6.50969525598943,245.588516463841
6.76,6.50969525598943,245.756013318441
6.77,6.50969525598943,245.903511103259
6.78,6.50969525598943,246.02877652
6.79,6.50969525598943,246.130438679627
6.8,0.707032610179753,246.207782727319
6.81,0.707032610179753,246.26061319804
6.82,0.707032610179753,246.289457341442
6.83,0.707032610179753,246.295648490751
6.84,0.707032610179753,246.281045594408
6.85,0.707032610179753,246.247787663959
6.86,0.707032610179753,246.19811080436
6.87,0.707032610179753,246.134216772353
6.88,0.707032610179753,246.058183300198
6.89,0.707032610179753,245.971907566644
6.9,0.707032610179753,245.877075300145
6.91,0.707032610179753,245.775149088985
6.92,0.707032610179753,245.667370531978
6.93,0.707032610179753,245.554771859398
6.94,0.707032610179753,245.438193557507
6.95,0.707032610179753,245.318305323151
6.96,0.707032610179753,245.195628350194
6.97,0.707032610179753,245.07055750943
6.98,0.707032610179753,244.943382436281
6.99,0.707032610179753,244.814306897739
7,-4.10428290163285,244.683466084749
7.01,-4.10431455502438,244.550970912234
7.02,-4.1043462084159,244.417208788092
7.03,-4.10437786180743,244.283017332779
7.04,-4.10440951519895,244.149529982045
7.05,-9.78755709243833,244.018032483607
7.06,-9.78765528918996,243.88989135904
7.07,-9.7877534859416,243.766818461413
7.08,-9.78785168269324,243.65101221493
7.09,-9.78794987944488,243.544932772988
7.1,-9.08924378086706,243.451107080932
7.11,-9.08939867015897,243.371987132557
7.12,-9.08955355945088,243.30981701922
7.13,-9.08970844874279,243.266554301694
7.14,-9.08986333803469,243.243865888312
7.15,-4.31413128285434,243.243142035342
7.16,-4.31430696865081,243.265490055366
7.17,-4.31448265444727,243.311478987627
7.18,-4.31465834024374,243.381008982019
7.19,-4.31483402604021,243.473500125424
7.2,3.8393625339681,243.5880671411
7.21,3.83922134068221,243.723604705867
7.22,3.83908014739632,243.878403689605
7.23,3.83893895411043,244.04994753292
7.24,3.83879776082454,244.23523451001
7.25,11.8232414930917,244.431062957296
7.26,11.8231845993874,244.634190245008
7.27,11.8231277056831,244.84099879703
7.28,11.8230708119789,245.047318146989
7.29,11.8230139182746,245.248749848512
7.3,8.6688586469212,245.440942532904
7.31,8.6688586469212,245.619799064582
7.32,8.6688586469212,245.781782465795
7.33,8.6688586469212,245.924085156692
7.34,8.6688586469212,246.044545545557
7.35,0.703740049071268,246.141545544935
7.36,0.703740049071268,246.213962939023
7.37,0.703740049071268,246.261555792122
7.38,0.703740049071268,246.285153574534
7.39,0.703740049071268,246.286327314283
7.4,0.703740049071268,246.267090623923
7.41,0.703740049071268,246.229672707221
7.42,0.703740049071268,246.176351052171
7.43,0.703740049071268,246.109333047447
7.44,0.703740049071268,246.030677006715
7.45,0.703740049071268,245.942244222746
7.46,0.703740049071268,245.845674785026
7.47,0.703740049071268,245.742380991736
7.48,0.703740049071268,245.633553244341
7.49,0.703740049071268,245.520174296942
7.5,0.703740049071268,245.403038615762
7.51,0.703740049071268,245.282774371491
7.52,0.703740049071268,245.159866234801
7.53,0.703740049071268,245.034677677538
7.54,0.703740049071268,244.907471908962
7.55,-2.6641101144916,244.778430910292
7.56,-2.66413227140057,244.647692746279
7.57,-2.66415442830954,244.515567678532
7.58,-2.66417658521851,244.382664591853
7.59,-2.66419874212748,244.249787012788
7.6,-9.60329515114369,244.117836074238
7.61,-9.60338336753627,243.987781220658
7.62,-9.60347158392884,243.861024849066
7.63,-9.60355980032142,243.739603198487
7.64,-9.603648016714,243.62592965567
7.65,-9.40350897869078,243.522566307768
7.66,-9.40365672206001,243.432058184725
7.67,-9.40380446542923,243.356808673405
7.68,-9.40395220879845,243.299001268573
7.69,-9.40409995216767,243.26056650945
7.7,-5.31726476238433,243.24317197899
7.71,-5.31744044518643,243.248203058377
7.72,-5.31761612798853,243.276536738456
7.73,-5.31779181079063,243.328427018836
7.74,-5.31796749359273,243.403667070327
7.75,2.52363167755487,243.501741337613
7.76,2.52348185168864,243.621897239424
7.77,2.5233320258224,243.762770589965
7.78,2.52318219995616,243.922187425313
7.79,2.52303237408992,244.097473083716
7.8,10.8194954174824,244.285727119848
7.81,10.8194239901944,244.48397429245
7.82,10.8193525629064,244.68880935726
7.83,10.8192811356184,244.896207746856
7.84,10.8192097083303,245.101861577033
7.85,10.7002851080685,245.301466702927
7.86,10.7002851080685,245.490922203908
7.87,10.7002851080685,245.666465165923
7.88,10.7002851080685,245.824746887047
7.89,10.7002851080685,245.962859341847
7.9,0.700464785935642,246.078331951971
7.91,0.700464785935642,246.169168778761
7.92,0.700464785935642,246.234403489394
7.93,0.700464785935642,246.274391085413
7.94,0.700464785935642,246.290430996517
7.95,0.700464785935642,246.284417744273
7.96,0.700464785935642,246.258572677129
7.97,0.700464785935642,246.215243119151
7.98,0.700464785935642,246.156757131987
7.99,0.700464785935642,246.085323505478
8,0.700464785935642,246.002967797929
8.01,0.700464785935642,245.911496389867
8.02,0.700464785935642,245.812481646025
8.03,0.700464785935642,245.707262389256
8.04,0.700464785935642,245.596954943349
8.05,0.700464785935642,245.482470965632
8.06,0.700464785935642,245.364539141827
8.07,0.700464785935642,245.243728544597
8.08,0.700464785935642,245.120472064059
8.09,0.700464785935642,244.995088810949
8.1,-1.30890251414363,244.86780478289
8.11,-1.30891573366534,244.738783592801
8.12,-1.30892895318705,244.608262906379
8.13,-1.30894217270876,244.476636356289
8.14,-1.30895539223047,244.344396995658
8.15,-9.42519200089773,244.212083965212
8.16,-9.42527079250121,244.080292885862
8.17,-9.42534958410469,243.950134351575
8.18,-9.42542837570816,243.823490794792
8.19,-9.42550716731164,243.702730066939
8.2,-9.69439610406722,243.590445702539
8.21,-9.69453705949697,243.489268737813
8.22,-9.69467801492671,243.401751140678
8.23,-9.69481897035646,243.33028798056
8.24,-9.6949599257862,243.277057075322
8.25,-6.2583477607299,243.243986323793
8.26,-6.25852336209752,243.232722217015
8.27,-6.25869896346514,243.244431159932
8.28,-6.25887456483277,243.279699922473
8.29,-6.25905016620039,243.338672555422
8.3,1.28456705540429,243.42118116067
8.31,1.28440917352036,243.526804802354
8.32,1.28425129163642,243.654503826084
8.33,1.28409340975249,243.802427026299
8.34,1.28393552786856,243.968208311136
8.35,9.86942076375275,244.149231873436
8.36,9.8693356869401,244.342775646411
8.37,9.86925061012744,244.545636491673
8.38,9.86916553331478,244.75393034506
8.39,9.86908045650213,244.963438280052
8.4,12.6079609247302,245.169904475037
8.41,12.6079609247302,245.369228129031
8.42,12.6079609247302,245.557436276038
8.43,12.6079609247302,245.730671754568
8.44,12.6079609247302,245.88532367408
8.45,0.697207152839913,246.018118622162
8.46,0.697207152839913,246.126238539469
8.47,0.697207152839913,246.20803615381
8.48,0.697207152839913,246.263420545815
8.49,0.697207152839913,246.293435489953
8.5,0.697207152839913,246.299862700944
8.51,0.697207152839913,246.284914932325
8.52,0.697207152839913,246.251003806352
8.53,0.697207152839913,246.200569504525
8.54,0.697207152839913,246.135961090114
8.55,0.697207152839913,246.059357539062
8.56,0.697207152839913,245.972720739321
8.57,0.697207152839913,245.877772880196
8.58,0.697207152839913,245.775991805154
8.59,0.697207152839913,245.668619014364
8.6,0.697207152839913,245.55667603885
8.61,0.697207152839913,245.440985836421
8.62,0.697207152839913,245.322196663873
8.63,0.697207152839913,245.200806556526
8.64,0.697207152839913,245.077187100176
8.65,-0.038387377813585,244.951605622983
8.66,-0.0383922172512866,244.824249748486
8.67,-0.0383970566889883,244.695289124635
8.68,-0.0384018961266899,244.564915602584
8.69,-0.0384067355643916,244.433331164392
8.7,-9.25411532602804,244.300735555269
8.71,-9.25418525247251,244.167373841477
8.72,-9.25425517891698,244.034082589491
8.73,-9.25432510536145,243.902599039269
8.74,-9.25439503180593,243.775247023567
8.75,-9.96281304693764,243.654648118645
8.76,-9.96294758212578,243.543512602887
8.77,-9.96308211731391,243.444530527999
8.78,-9.96321665250205,243.360294343281
8.79,-9.96335118769018,243.293212927355
8.8,-7.13795738115308,243.245457607394
8.81,-7.13813283539234,243.218919145323
8.82,-7.1383082896316,243.215034920292
8.83,-7.13848374387086,243.234703468811
8.84,-7.13865919811013,243.278397590389
8.85,0.122257643946511,243.346275050735
8.86,0.122092271451584,243.438225518613
8.87,0.121926898956658,243.553513444835
8.88,0.121761526461731,243.690590416672
8.89,0.121596153966804,243.847380175045
8.9,8.97393211171905,244.021534625538
8.91,8.9738342651816,244.2105702286
8.92,8.97373641864416,244.411475163555
8.93,8.97363857210671,244.620499778064
8.94,8.97354072556926,244.833511747107
8.95,14.3924825235913,245.046303931823
8.96,14.3924825235913,245.254778902303
8.97,14.3924825235913,245.454769267945
8.98,14.3924825235913,245.641942309668
8.99,14.3924825235913,245.812028230822
9,0.693967281130194,245.96100069379
9.01,0.693967281130194,246.085271126234
9.02,0.693967281130194,246.182554641453
9.03,0.693967281130194,246.252342870133
9.04,0.693967281130194,246.295439919492
9.05,0.693967281130194,246.313521129906
9.06,0.693967281130194,246.30879012922
9.07,0.693967281130194,246.28371752962
9.08,0.693967281130194,246.240847302723
9.09,0.693967281130194,246.182658784897
9.1,0.693967281130194,246.111473697444
9.11,0.693967281130194,246.029398800348
9.12,0.693967281130194,245.938295988315
9.13,0.693967281130194,245.839772824982
9.14,0.693967281130194,245.735187674512
9.15,0.693967281130194,245.625664688596
9.16,0.693967281130194,245.512114904583
9.17,0.693967281130194,245.395260584224
9.18,0.693967281130194,245.275660663944
9.19,0.693967281130194,245.153735799211
9.2,0.693967281130194,245.029791977467
9.21,0.693967281130194,244.904042059846
9.22,0.693967281130194,244.776624906563
9.23,0.693967281130194,244.647621959348
9.24,0.693967281130194,244.517071310381
9.25,-8.65434594148656,244.384979393249
9.26,-8.65440744354723,244.251387293675
9.27,-8.65446894560791,244.11693776629
9.28,-8.65453044766858,243.983197815651
9.29,-8.65459194972926,243.85234594056
9.3,-10.0474379635455,243.726882484942
9.31,-10.047565275297,243.609423084913
9.32,-10.0476925870485,243.502628382956
9.33,-10.0478198988,243.409147098109
9.34,-10.0479472105515,243.33150403174
9.35,-7.74859670376547,243.272022031141
9.36,-7.74876950156235,243.232763923902
9.37,-7.74894229935924,243.215377439817
9.38,-7.74911509715613,243.221018000592
9.39,-7.74928789495301,243.250438170273
9.4,-0.894154788823545,243.304078580531
9.41,-0.894324380965492,243.382103566884
9.42,-0.894493973107439,243.484059325923
9.43,-0.894663565249386,243.608695042934
9.44,-0.894833157391333,243.754231920109
9.45,7.99702112666393,243.918605920508
9.46,7.99691298725598,244.099595202002
9.47,7.99680484784803,244.294420279566
9.48,7.99669670844008,244.499530761091
9.49,7.99658856903213,244.710960687764
9.5,14.6847872536469,244.924638129962
9.51,14.6847797174599,245.13656476824
9.52,14.6847721812729,245.34256349946
9.53,14.6847646450859,245.5381436385
9.54,14.6847571088989,245.718776404373
9.55,1.74579906493149,245.880119429919
9.56,1.74579906493149,246.018239794414
9.57,1.74579906493149,246.130459980113
9.58,1.74579906493149,246.215821340618
9.59,1.74579906493149,246.274653624984
9.6,0.690732884400361,246.308161340999
9.61,0.690732884400361,246.318106455243
9.62,0.690732884400361,246.306622504733
9.63,0.690732884400361,246.276064425316
9.64,0.690732884400361,246.228838995166
9.65,0.690732884400361,246.167279550708
9.66,0.690732884400361,246.093562318051
9.67,0.690732884400361,246.009655552041
9.68,0.690732884400361,245.917293826747
9.69,0.690732884400361,245.817970963478
9.7,0.690732884400361,245.712946190029
9.71,0.690732884400361,245.603259160538
9.72,0.690732884400361,245.489750398328
9.73,0.690732884400361,245.37308453621
9.74,0.690732884400361,245.25377441485
9.75,0.690732884400361,245.132204663935
9.76,0.690732884400361,245.008653843249
9.77,0.690732884400361,244.883314574658
9.78,0.690732884400361,244.756311365557
9.79,0.690732884400361,244.627716023501
9.8,-6.94634442353324,244.497560703425
9.81,-6.9463946674629,244.365895123223
9.82,-6.94644491139255,244.233252376534
9.83,-6.94649515532221,244.100914632534
9.84,-6.94654539925187,243.970659471027
9.85,-9.83859060689121,243.844524840547
9.86,-9.83870615440716,243.724652281712
9.87,-9.83882170192311,243.613335359505
9.88,-9.83893724943905,243.513032933468
9.89,-9.839052796955,243.426218207465
9.9,-8.13349158795794,243.355260016614
9.91,-8.13365606195628,243.302335694476
9.92,-8.13382053595462,243.269285495522
9.93,-8.13398500995296,243.257535743137
9.94,-8.1341494839513,243.268154226419
9.95,-2.0954820204312,243.301912937827
9.96,-2.09565182913742,243.35930849859
9.97,-2.09582163784364,243.440254868663
9.98,-2.09599144654986,243.543923680463
9.99,-2.09616125525607,243.668981843066
10,6.43132333434741,243.81380736515
10.01,6.43120471508392,243.976600307945
10.02,6.43108609582044,244.154993086671
10.03,6.43096747655695,244.345842928365
10.04,6.43084885729347,244.545571306232
10.05,13.5013475734469,244.750461267646
10.06,13.5013226195736,244.956827608451
10.07,13.5012976657004,245.160738339249
10.08,13.5012727118272,245.357866153365
10.09,13.5012477579539,245.543778485711
10.1,4.18105690092372,245.714177550418
10.11,4.18105690092372,245.865115454946
10.12,4.18105690092372,245.99364051191
10.13,4.18105690092372,246.098151757151
10.14,4.18105690092372,246.178094803883
10.15,0.687514647965966,246.233661639101
10.16,0.687514647965966,246.265571781429
10.17,0.687514647965966,246.275091205361
10.18,0.687514647965966,246.264006152769
10.19,0.687514647965966,246.234399254615
10.2,0.687514647965966,246.188464069495
10.21,0.687514647965966,246.128371317649
10.22,0.687514647965966,246.056177080998
10.23,0.687514647965966,245.973764376212
10.24,0.687514647965966,245.882810599729
10.25,0.687514647965966,245.784774421372
10.26,0.687514647965966,245.680896751643
10.27,0.687514647965966,245.572211395741
10.28,0.687514647965966,245.459561905944
10.29,0.687514647965966,245.343621934475
10.3,0.687514647965966,245.224917063724
10.31,0.687514647965966,245.10384665141
10.32,0.687514647965966,244.98070468273
10.33,0.687514647965966,244.855698981006
10.34,0.687514647965966,244.72896840562
10.35,-5.38339766945864,244.600597873854
10.36,-5.38343760967126,244.470668077348
10.37,-5.38347754988387,244.339629521076
10.38,-5.38351749009649,244.208516987841
10.39,-5.3835574303091,244.078750687422
10.4,-9.65138793585525,243.951951799421
10.41,-9.6514927406753,243.829831789585
10.42,-9.65159754549536,243.714350278914
10.43,-9.65170235031542,243.60779332958
10.44,-9.65180715513548,243.512587263219
10.45,-8.48716051669072,243.431143010026
10.46,-8.48731740238972,243.365742548522
10.47,-8.48747428808872,243.318402080476
10.48,-8.48763117378772,243.290795496549
10.49,-8.48778805948671,243.284278576026
10.5,-3.19112198053048,243.299925899048
10.51,-3.19129198794057,243.33853732793
10.52,-3.19146199535067,243.400362089551
10.53,-3.19163200276076,243.484956476368
10.54,-3.19180201017086,243.591392820439
10.55,5.00664759015481,243.718450902603
10.56,5.00651943524507,243.864714033616
10.57,5.00639128033533,244.02818859469
10.58,5.00626312542559,244.206101821217
10.59,5.00613497051585,244.395227035368
10.6,12.4271869275719,244.592169992191
10.61,12.4271461445712,244.793530556406
10.62,12.4271053615704,244.995600354641
10.63,12.4270645785696,245.19420164008
10.64,12.4270237955688,245.384990435961
10.65,6.3939318770281,245.563710528802
10.66,6.3939318770281,245.726401132221
10.67,6.3939318770281,245.869860246398
10.68,6.3939318770281,245.991899600411
10.69,6.3939318770281,246.091157157552
10.7,0.684311767704537,246.166901718378
10.71,0.684311767704537,246.218904355058
10.72,0.684311767704537,246.24764310186
10.73,0.684311767704537,246.254388239752
10.74,0.684311767704537,246.240928339186
10.75,0.684311767704537,246.209330003002
10.76,0.684311767704537,246.161758715676
10.77,0.684311767704537,246.100350018571
10.78,0.684311767704537,246.027121480171
10.79,0.684311767704537,245.943917048771
10.8,0.684311767704537,245.852376455513
10.81,0.684311767704537,245.7539234013
10.82,0.684311767704537,245.649767294651
10.83,0.684311767704537,245.540914277995
10.84,0.684311767704537,245.428184159741
10.85,0.684311767704537,245.312230641355
10.86,0.684311767704537,245.193562886133
10.87,0.684311767704537,245.072567021635
10.88,0.684311767704537,244.949526609027
10.89,0.684311767704537,244.824641460965
10.9,-3.90541247060347,244.698044458006
10.91,-3.90544266615767,244.569844098747
10.92,-3.90547286171187,244.440411673354
10.93,-3.90550305726607,244.310547202589
10.94,-3.90553325282027,244.181332338651
10.95,-9.46775843220406,244.053993630918
10.96,-9.46785303284097,243.929835272417
10.97,-9.46794763347788,243.810500021274
10.98,-9.46804223411478,243.698108822403
10.99,-9.46813683475169,243.595041641078
11,-8.81526614285099,243.503747164687
11.01,-8.81541576813452,243.42660443508
11.02,-8.81556539341805,243.36579448547
11.03,-8.81571501870158,243.323224167657
11.04,-8.81586464398511,243.300520733049
11.05,-4.22404879778389,243.299044200494
11.06,-4.22421889336384,243.319880588423
11.07,-4.22438898894379,243.36359582112
11.08,-4.22455908452374,243.430109867127
11.09,-4.22472918010369,243.518878449331
11.1,3.65720193001808,243.62906128648
11.11,3.65706483614673,243.75960414447
11.12,3.65692774227538,243.908867474149
11.13,3.65679064840402,244.074429520363
11.14,3.65665355453267,244.253398072209
11.15,11.4033778885936,244.442686328042
11.16,11.4033221572264,244.639166460612
11.17,11.4032664258592,244.839345116544
11.18,11.403210694492,245.039190493116
11.19,11.4031549631248,245.234447369994
11.2,8.48351646364706,245.420903851486
11.21,8.48351646364706,245.59459152502
11.22,8.48351646364706,245.752074182559
11.23,8.48351646364706,245.890607782981
11.24,8.48351646364706,246.008064718624
11.25,0.681125056238851,246.102839085552
11.26,0.681125056238851,246.173804413876
11.27,0.681125056238851,246.220693833393
11.28,0.681125056238851,246.24428978488
11.29,0.681125056238851,246.246102213632
11.3,0.681125056238851,246.228076511325
11.31,0.681125056238851,246.192371676219
11.32,0.681125056238851,246.141196726102
11.33,0.681125056238851,246.076694861517
11.34,0.681125056238851,246.000866088957
11.35,0.681125056238851,245.915520127882
11.36,0.681125056238851,245.822252515052
11.37,0.681125056238851,245.722437892829
11.38,0.681125056238851,245.617235499931
11.39,0.681125056238851,245.507602841683
11.4,0.681125056238851,245.394314376515
11.41,0.681125056238851,245.277982802139
11.42,0.681125056238851,245.159081155011
11.43,0.681125056238851,245.037964454838
11.44,0.681125056238851,244.91489004168
11.45,-2.51032654787953,244.790036078676
11.46,-2.51034754427166,244.663537331086
11.47,-2.51036854066379,244.535690333036
11.48,-2.51038953705592,244.407073512913
11.49,-2.51041053344806,244.278448929241
11.5,-9.28929275702343,244.15067054409
11.51,-9.28937768996902,244.024657883032
11.52,-9.28946262291461,243.901753896052
11.53,-9.28954755586021,243.783922349466
11.54,-9.2896324888058,243.673497803056
11.55,-9.11975670666961,243.572962861911
11.56,-9.11989941038342,243.484786565687
11.57,-9.12004211409723,243.411304164098
11.58,-9.12018481781104,243.354641342606
11.59,-9.12032752152485,243.316680771801
11.6,-5.19601968838284,243.299051216275
11.61,-5.19618978326121,243.30310820736
11.62,-5.19635987813958,243.329716204534
11.63,-5.19652997301796,243.379138239884
11.64,-5.19670006789633,243.451191737016
11.65,2.38231565266524,243.545394819995
11.66,2.38217019214724,243.661035153244
11.67,2.38202473162924,243.796807450485
11.68,2.38187927111124,243.950621843927
11.69,2.38173381059324,244.119902887858
11.7,10.4309798700552,244.301855476052
11.71,10.4309100556028,244.493610711934
11.72,10.4308402411504,244.69188085236
11.73,10.430770426698,244.892775405069
11.74,10.4307006122456,245.092126971586
11.75,10.451978377009,245.285769630635
11.76,10.451978377009,245.46973163409
11.77,10.451978377009,245.640358151046
11.78,10.451978377009,245.794380888249
11.79,10.451978377009,245.928948761375
11.8,0.677955041737351,246.041629377261
11.81,0.677955041737351,246.130449052708
11.82,0.677955041737351,246.194438468335
11.83,0.677955041737351,246.23392005353
11.84,0.677955041737351,246.250140562355
11.85,0.677955041737351,246.244930125404
11.86,0.677955041737351,246.220440330907
11.87,0.677955041737351,246.178948072735
11.88,0.677955041737351,246.122713659622
11.89,0.677955041737351,246.053883045945
11.9,0.677955041737351,245.974425222906
11.91,0.677955041737351,245.886096930663
11.92,0.677955041737351,245.790427960458
11.93,0.677955041737351,245.68872139979
11.94,0.677955041737351,245.582064200919
11.95,0.677955041737351,245.471344391584
11.96,0.677955041737351,245.357272075381
11.97,0.677955041737351,245.240402078387
11.98,0.677955041737351,245.121156688956
11.99,0.677955041737351,244.999847416886
12,-1.1962797774202,244.876695077687
12.01,-1.19629210791243,244.751859187617
12.02,-1.19630443840466,244.62556587391
12.03,-1.19631676889689,244.498184839668
12.04,-1.19632909938912,244.37017709292
12.05,-9.11674469127513,244.24204559257
12.06,-9.11682048671588,244.114347387288
12.07,-9.11689628215662,243.988142476994
12.08,-9.11697207759736,243.86524547119
12.09,-9.1170478730381,243.747946732758
12.1,-9.40198263321022,243.638759292809
12.11,-9.40211875728094,243.540235509309
12.12,-9.40225488135166,243.454854641856
12.13,-9.40239100542238,243.384947511099
12.14,-9.40252712949309,243.332636596772
12.15,-6.10878818708829,243.299803165824
12.16,-6.1089582067717,243.288056067337
12.17,-6.10912822645512,243.298540590917
12.18,-6.10929824613854,243.331842701098
12.19,-6.10946826582196,243.388120325103
12.2,1.18061923341892,243.467228938266
12.21,1.18046595631275,243.56877798124
12.22,1.18031267920657,243.691776965271
12.23,1.1801594021004,243.834448993418
12.24,1.18000612499423,243.994517743103
12.25,9.50986459788062,244.169463975384
12.26,9.50978154427816,244.356664137983
12.27,9.5096984906757,244.553026292555
12.28,9.50961543707324,244.754796031424
12.29,9.50953238347078,244.957892147578
12.3,12.3023063843796,245.158195632106
12.31,12.3023063843796,245.351735018744
12.32,12.3023063843796,245.534651962065
12.33,12.3023063843796,245.703185135342
12.34,12.3023063843796,245.853801665422
12.35,0.674802039758622,245.983290175018
12.36,0.674802039758622,246.088879093777
12.37,0.674802039758622,246.168938153006
12.38,0.674802039758622,246.223357008341
12.39,0.674802039758622,246.253134425669
12.4,0.674802039758622,246.259991266309
12.41,0.674802039758622,246.246071005344
12.42,0.674802039758622,246.21371313561
12.43,0.674802039758622,246.165286921096
12.44,0.674802039758622,246.103074536097
12.45,0.674802039758622,246.029193897971
12.46,0.674802039758622,245.945552663842
12.47,0.674802039758622,245.853826002366
12.48,0.674802039758622,245.7554518797
12.49,0.674802039758622,245.651638685391
12.5,0.674802039758622,245.543381033006
12.51,0.674802039758622,245.431480473629
12.52,0.674802039758622,245.316568642692
12.53,0.674802039758622,245.19913101856
12.54,0.674802039758622,245.079530010165
12.55,0.0368051677157992,244.958026521576
12.56,0.0368009703679568,244.834803353033
12.57,0.0367967730201143,244.710020603402
12.58,0.0367925756722719,244.583852129108
12.59,0.0367883783244295,244.456476436616
12.6,-8.95097055082351,244.328067085409
12.61,-8.95103774411497,244.198840897041
12.62,-8.95110493740643,244.06959192896
12.63,-8.95117213069789,243.941993895268
12.64,-8.95123932398935,243.818294445249
12.65,-9.66278012555069,243.701033814712
12.66,-9.66291002216922,243.592841244054
12.67,-9.66303991878775,243.496329988309
12.68,-9.66316981540628,243.414022441269
12.69,-9.66329971202481,243.348265385571
12.7,-6.96279594498207,243.301176437994
12.71,-6.96296582733827,243.274601656203
12.72,-6.96313570969447,243.26994951474
12.73,-6.96330559205068,243.288108811039
12.74,-6.96347547440688,243.329556802935
12.75,0.052348374310869,243.394465283851
12.76,0.0521878208392543,243.482745356017
12.77,0.0520272673676394,243.593701805637
12.78,0.0518667138960245,243.725851624879
12.79,0.0517061604244098,243.877199702758
12.8,8.6410239374312,244.045486479409
12.81,8.64092848607914,244.228319724619
12.82,8.64083303472708,244.422792951194
12.83,8.64073758337502,244.625281945725
12.84,8.64064213202296,244.831789352
12.85,14.0348554558398,245.038243316453
12.86,14.0348554558398,245.240675661893
12.87,14.0348554558398,245.435039410871
12.88,14.0348554558398,245.617111681723
12.89,14.0348554558398,245.782719921762
12.9,0.671666167570097,245.927921585784
12.91,0.671666167570097,246.049196636763
12.92,0.671666167570097,246.144295314996
12.93,0.671666167570097,246.212701727334
12.94,0.671666167570097,246.255181933018
12.95,0.671666167570097,246.273353672838
12.96,0.671666167570097,246.269351805684
12.97,0.671666167570097,246.245573356672
12.98,0.671666167570097,246.204488590981
12.99,0.671666167570097,246.148506350884
13,0.671666167570097,246.07988328376
13.01,0.671666167570097,246.000667800774
13.02,0.671666167570097,245.912670776749
13.03,0.671666167570097,245.817456166529
13.04,0.671666167570097,245.716345850576
13.05,0.671666167570097,245.610434094028
13.06,0.671666167570097,245.500607974671
13.07,0.671666167570097,245.38757098514
13.08,0.671666167570097,245.271867735545
13.09,0.671666167570097,245.153908277526
13.1,0.671666167570097,245.033991049196
13.11,0.671666167570097,244.91232381584
13.12,0.671666167570097,244.789042268179
13.13,0.671666167570097,244.664226152865
13.14,0.671666167570097,244.537912962065
13.15,-8.29467228157412,244.410109312556
13.16,-8.29473127064287,244.280854684877
13.17,-8.29479025971161,244.150765384419
13.18,-8.29484924878036,244.021344030836
13.19,-8.2949082378491,243.894679666748
13.2,-9.71797452381883,243.77317004143
13.21,-9.71809720681469,243.659324124187
13.22,-9.71821988981054,243.555699981665
13.23,-9.7183425728064,243.464853166416
13.24,-9.71846525580226,243.389226339174
13.25,-7.52133360093126,243.331071656043
13.26,-7.52150049376566,243.292393038039
13.27,-7.52166738660005,243.27479631856
13.28,-7.52183427943445,243.279414348365
13.29,-7.52200117226884,243.306991895998
13.3,-0.923900763754609,243.357972307748
13.31,-0.924064966523834,243.43253125601
13.32,-0.924229169293059,243.530247147397
13.33,-0.924393372062284,243.64992878017
13.34,-0.92455757483151,243.789874614333
13.35,7.66871257238692,243.948106746818
13.36,7.66860738306161,244.122493605077
13.37,7.66850219373629,244.310363142432
13.38,7.66839700441097,244.508296646851
13.39,7.66829181508565,244.712472217921
13.4,14.1633338019773,244.918963939133
13.41,14.1633256983712,245.123915188521
13.42,14.1633175947651,245.32329280617
13.43,14.163309491159,245.512755693065
13.44,14.1633013875529,245.68792207316
13.45,1.80304071671005,245.84458751909
13.46,1.80304071671005,245.978940641877
13.47,1.80304071671005,246.088373834208
13.48,1.80304071671005,246.171927920707
13.49,1.80304071671005,246.22988113253
13.5,0.668535864571961,246.263353446109
13.51,0.668535864571961,246.27400350979
13.52,0.668535864571961,246.263857899179
13.53,0.668535864571961,246.235171315482
13.54,0.668535864571961,246.190259802042
13.55,0.668535864571961,246.131376630762
13.56,0.668535864571961,246.060628994928
13.57,0.668535864571961,245.979926909675
13.58,0.668535864571961,245.890956846399
13.59,0.668535864571961,245.795173740186
13.6,0.668535864571961,245.693806086375
13.61,0.668535864571961,245.587869848923
13.62,0.668535864571961,245.478187810206
13.63,0.668535864571961,245.365411782373
13.64,0.668535864571961,245.250045769057
13.65,0.668535864571961,245.132468717097
13.66,0.668535864571961,245.012955940519
13.67,0.668535864571961,244.891698645967
13.68,0.668535864571961,244.768821253751
13.69,0.668535864571961,244.644396404991
13.7,-6.65090731586374,244.518457685498
13.71,-6.65095547009519,244.391054661235
13.72,-6.65100362432664,244.262699494654
13.73,-6.65105177855809,244.134621745832
13.74,-6.65109993278954,244.008525394115
13.75,-9.51738422338622,243.886363702643
13.76,-9.51749558701595,243.770189656189
13.77,-9.51760695064569,243.662208145738
13.78,-9.51771831427543,243.564791983333
13.79,-9.51782967790516,243.480334079829
13.8,-7.89216648115843,243.411130728985
13.81,-7.89232536808553,243.359295941631
13.82,-7.89248425501263,243.32662079798
13.83,-7.89264314193974,243.31449893372
13.84,-7.89280202886684,243.323978643
13.85,-2.08038625725506,243.35582237552
13.86,-2.08055067501751,243.410525819104
13.87,-2.08071509277996,243.488021574345
13.88,-2.0808795105424,243.587525264751
13.89,-2.08104392830485,243.707764492992
13.9,6.16184904220922,243.847186878136
13.91,6.16173376089703,244.004066890887
13.92,6.16161847958485,244.176128787281
13.93,6.16150319827266,244.360345929099
13.94,6.16138791696048,244.553269028898
13.95,13.0248957287268,244.751313597196
13.96,13.0248708600865,244.950924255355
13.97,13.0248459914462,245.148303763978
13.98,13.0248211228059,245.339268438702
13.99,13.0247962541657,245.519529462205
14,4.1470306413147,245.684925830339
14.01,4.1470306413147,245.831632331
14.02,4.1470306413147,245.95677769177
14.03,4.1470306413147,246.058784040906
14.04,4.1470306413147,246.137077732935
14.05,0.665421002055949,246.191803222384
14.06,0.665421002055949,246.223615015649
14.07,0.665421002055949,246.233704245301
14.08,0.665421002055949,246.223778190902
14.09,0.665421002055949,246.195841049624
14.1,0.665421002055949,246.152011778665
14.11,0.665421002055949,246.094392497884
14.12,0.665421002055949,246.024977953411
14.13,0.665421002055949,245.945597651766
14.14,0.665421002055949,245.857883341794
14.15,0.665421002055949,245.763255574335
14.16,0.665421002055949,245.662924091797
14.17,0.665421002055949,245.557897762041
14.18,0.665421002055949,245.449000645811
14.19,0.665421002055949,245.336891556634
14.2,0.665421002055949,245.22208512959
14.21,0.665421002055949,245.104972962189
14.22,0.665421002055949,244.985843834239
14.23,0.665421002055949,244.864902365089
14.24,0.665421002055949,244.742285737995
14.25,-5.13978845437696,244.618078325235
14.26,-5.13982664654443,244.492359464856
14.27,-5.13986483871191,244.365561338176
14.28,-5.13990303087939,244.238674226758
14.29,-5.13994122304686,244.113056518825
14.3,-9.33593788718653,243.990258462163
14.31,-9.33603886134031,243.871917142023
14.32,-9.3361398354941,243.759914430806
14.33,-9.33624080964788,243.656455846579
14.34,-9.33634178380166,243.563888697488
14.35,-8.23373802519966,243.484549689121
14.36,-8.23388957023075,243.420653742114
14.37,-8.23404111526184,243.374161860952
14.38,-8.23419266029292,243.346706962698
14.39,-8.23434420532401,243.339615803165
14.4,-3.13978733278292,243.353943478264
14.41,-3.1399519384351,243.390479004326
14.42,-3.14011654408727,243.449479363966
14.43,-3.14028114973944,243.53053239801
14.44,-3.14044575539162,243.632757999493
14.45,4.78382168904657,243.754992497876
14.46,4.78369718829636,243.895881101299
14.47,4.78357268754615,244.053509770819
14.48,4.78344818679594,244.225209701191
14.49,4.78332368604572,244.407871863658
14.5,11.9856298847431,244.598223877745
14.51,11.9855897071308,244.792986143298
14.52,11.9855495295186,244.988577881564
14.53,11.9855093519064,245.180960414435
14.54,11.9854691742942,245.365931142394
14.55,6.28718673679514,245.539369956887
14.56,6.28718673679514,245.697439932667
14.57,6.28718673679514,245.837028188025
14.58,6.28718673679514,245.955988750232
14.59,6.28718673679514,246.052966327516
14.6,0.662321025221151,246.127211779581
14.61,0.662321025221151,246.178461589307
14.62,0.662321025221151,246.207144312031
14.63,0.662321025221151,246.214467984336
14.64,0.662321025221151,246.202152367773
14.65,0.662321025221151,246.172193696527
14.66,0.662321025221151,246.126689117379
14.67,0.662321025221151,246.067710307489
14.68,0.662321025221151,245.997216963865
14.69,0.662321025221151,245.917001950604
14.7,0.662321025221151,245.828660947485
14.71,0.662321025221151,245.733580485331
14.72,0.662321025221151,245.63293926217
14.73,0.662321025221151,245.527718579974
14.74,0.662321025221151,245.418718598696
14.75,0.662321025221151,245.306577855975
14.76,0.662321025221151,245.191794141328
14.77,0.662321025221151,245.074745345133
14.78,0.662321025221151,244.955709333119
14.79,0.662321025221151,244.834882237285
14.8,-3.70927776577696,244.712394816382
14.81,-3.70930652629532,244.588353294953
14.82,-3.70933528681368,244.463113164041
14.83,-3.70936404733204,244.337437470143
14.84,-3.70939280785041,244.21235690727
14.85,-9.1579459884835,244.089039751199
14.86,-9.15803708450838,243.968728859723
14.87,-9.15812818053326,243.852999336476
14.88,-9.15821927655814,243.743896739059
14.89,-9.15831037258302,243.64372331427
14.9,-8.55108290777515,243.554852096481
14.91,-8.5512274225655,243.479591742795
14.92,-8.55137193735585,243.42006263543
14.93,-8.5515164521462,243.378123093299
14.94,-8.55166096693655,243.355362628195
14.95,-4.13961753024891,243.353112674469
14.96,-4.13978221898147,243.37243933135
14.97,-4.13994690771402,243.413906306042
14.98,-4.14011159644657,243.477453706784
14.99,-4.14027628517912,243.562572779931
15,3.47730923833527,243.668467826054
