test_no,num,den,mse_1,mse_2,mse_3,mse_4,mse_5,mse_6,mse_7,mse_8,mse_9,mse_10,mse_11,mse_12,mse_13,mse_14,avg_mse,median_mse,worst_mse
test_0,534.415036,"[1, 37.084598037052665, 549.4238293240385]",6.074515,4.43396,5.592342,6.301392,7.503718,6.603145,7.233655,6.260078,7.117298,3.160122,3.883075,7.473154,6.91324,5.004489,5.968155928571428,6.280735,7.503718
test_1,566.561533,"[1, 38.701998280009946, 590.5143078010082]",5.993847,3.895839,4.825626,7.322773,6.971764,5.844407,7.107483,5.297347,6.753375,2.443648,3.421655,8.051787,7.222371,4.529585,5.691536214285714,5.919127,8.051787
test_2,566.561533,"[1, 38.701998280009946, 590.5143078010082]",5.993847,3.895839,4.825626,7.322773,6.971764,5.844407,7.107483,5.297347,6.753375,2.443648,3.421655,8.051787,7.222371,4.529585,5.691536214285714,5.919127,8.051787
test_3,569.319469,"[1, 38.51425178389035, 593.461296669913]",6.018626,3.806509,4.657956,7.519005,7.037754,5.716348,7.185686,5.181051,6.842551,2.361683,3.335682,8.2001,7.288151,4.410008,5.682936428571429,5.867487000000001,8.2001
test_4,569.623354,"[1, 38.53635650251253, 593.7308494886121]",6.016984,3.805665,4.656727,7.515053,7.039872,5.714831,7.185229,5.180576,6.842995,2.362428,3.334988,8.197344,7.284776,4.408377,5.681846071428572,5.8659075000000005,8.197344
test_5,1172.959428,"[1, 58.01602936168701, 1222.141743557951]",10.059471,6.272302,1.430226,23.195196,17.616244,1.579262,16.737325,1.252833,17.640885,1.676279,0.672468,21.243806,13.565067,1.814794,9.625439857142855,8.1658865,23.195196
test_6,1172.990484,"[1, 58.017539136460854, 1222.1707092884067]",10.059451,6.272342,1.430196,23.195147,17.616399,1.579223,16.73738,1.252844,17.640978,1.67633,0.672451,21.243778,13.565001,1.814761,9.62544864285714,8.165896499999999,23.195147
test_7,1172.990484,"[1, 58.017539136460854, 1222.1707092884067]",10.059451,6.272342,1.430196,23.195147,17.616399,1.579223,16.73738,1.252844,17.640978,1.67633,0.672451,21.243778,13.565001,1.814761,9.62544864285714,8.165896499999999,23.195147
test_8,1172.990484,"[1, 58.017539136460854, 1222.1707092884067]",10.059451,6.272342,1.430196,23.195147,17.616399,1.579223,16.73738,1.252844,17.640978,1.67633,0.672451,21.243778,13.565001,1.814761,9.62544864285714,8.165896499999999,23.195147
test_9,1172.990484,"[1, 58.017539136460854, 1222.1707092884067]",10.059451,6.272342,1.430196,23.195147,17.616399,1.579223,16.73738,1.252844,17.640978,1.67633,0.672451,21.243778,13.565001,1.814761,9.62544864285714,8.165896499999999,23.195147
test_10,2187.585084,"[1, 84.4465098003957, 2209.667961991961]",16.888786,14.733912,3.657851,40.431732,33.981797,1.840373,30.685623,2.057082,33.935549,5.177548,0.708953,36.88449,22.057846,2.981448,17.573070714285716,15.811349,40.431732
test_11,2187.585084,"[1, 84.4465098003957, 2209.667961991961]",16.888786,14.733912,3.657851,40.431732,33.981797,1.840373,30.685623,2.057082,33.935549,5.177548,0.708953,36.88449,22.057846,2.981448,17.573070714285716,15.811349,40.431732
test_12,1866.009921,"[1, 76.640925618733, 1829.4072889490358]",16.162621,13.577638,3.680248,35.602475,31.902477,3.754201,28.705973,3.814019,32.100892,6.169378,1.649882,32.862992,20.244616,2.74587,16.640948714285713,14.870129500000001,35.602475
test_13,2187.585084,"[1, 84.4465098003957, 2209.667961991961]",16.888786,14.733912,3.657851,40.431732,33.981797,1.840373,30.685623,2.057082,33.935549,5.177548,0.708953,36.88449,22.057846,2.981448,17.573070714285716,15.811349,40.431732
test_14,1866.008717,"[1, 76.64087989178879, 1829.4061860418399]",16.162617,13.577633,3.680246,35.60247,31.902469,3.754197,28.705966,3.814016,32.100884,6.169374,1.64988,32.862987,20.244612,2.745868,16.640944214285714,14.870125000000002,35.60247
test_15,3496.970332,"[1, 99.18635692468985, 3643.153042008548]",26.55567,27.474601,9.294238,65.26371,53.586513,3.102777,48.710214,3.184852,54.059788,9.232542,1.510597,59.194518,35.117672,6.93717,28.801775857142864,27.0151355,65.26371
test_16,3667.435093,"[1, 111.88201035947407, 3820.109524363881]",24.069586,24.378122,7.930826,59.35095,48.387341,2.570938,44.095589,2.60462,48.739472,8.015449,1.228805,53.753225,31.957534,6.014405,25.935490142857144,24.223854000000003,59.35095
test_17,3496.970332,"[1, 99.18635692468985, 3643.153042008548]",26.55567,27.474601,9.294238,65.26371,53.586513,3.102777,48.710214,3.184852,54.059788,9.232542,1.510597,59.194518,35.117672,6.93717,28.801775857142864,27.0151355,65.26371
test_18,3496.970332,"[1, 99.18635692468985, 3643.153042008548]",26.55567,27.474601,9.294238,65.26371,53.586513,3.102777,48.710214,3.184852,54.059788,9.232542,1.510597,59.194518,35.117672,6.93717,28.801775857142864,27.0151355,65.26371
test_19,3496.970332,"[1, 99.18635692468985, 3643.153042008548]",26.55567,27.474601,9.294238,65.26371,53.586513,3.102777,48.710214,3.184852,54.059788,9.232542,1.510597,59.194518,35.117672,6.93717,28.801775857142864,27.0151355,65.26371
test_20,3162.793801,"[1, 97.72377822481859, 3294.7834784454226]",23.748774,23.742392,7.551209,58.625662,47.684275,2.455872,43.454458,2.482549,48.054983,7.764482,1.12622,53.077993,31.540014,5.770634,25.50567978571428,23.745583,58.625662
test_21,3182.238397,"[1, 90.09804909389334, 3120.4456561742686]",28.869817,29.775083,10.268251,66.986301,59.07453,5.614655,52.888728,5.973235,59.751101,12.193115,2.67993,61.4495,36.66096,7.092786,31.376999428571427,29.32245,66.986301
test_22,3035.035317,"[1, 92.1944841834178, 2810.3256646191385]",32.513431,33.177113,13.259364,66.660658,62.098279,13.428683,56.647302,12.189435,64.725846,17.710014,6.487128,61.393784,39.217517,8.355885,34.847459928571425,32.845271999999994,66.660658
test_23,3496.970332,"[1, 99.18635692467987, 3643.1530420081963]",26.55567,27.474601,9.294238,65.26371,53.586513,3.102777,48.710214,3.184852,54.059788,9.232542,1.510597,59.194518,35.117672,6.93717,28.801775857142864,27.0151355,65.26371
test_24,3377.544844,"[1, 95.72825025220438, 3311.722482636259]",28.747813,29.732992,10.289509,66.688086,58.83929,5.605034,52.687714,5.960221,59.493108,12.175427,2.69226,61.174037,36.511724,7.097579,31.263913857142857,29.240402500000002,66.688086
test_25,2226.290347,"[1, 82.78530536066647, 2319.2380905480195]",17.904401,15.973621,4.200453,44.345225,35.174826,1.439535,32.321734,1.335984,35.373152,4.830286,0.517494,40.045042,24.006517,3.5557,18.644569285714283,16.939011,44.345225
test_26,1866.008717,"[1, 76.64087989179366, 1829.4061860419874]",16.162617,13.577633,3.680246,35.60247,31.902469,3.754197,28.705966,3.814016,32.100884,6.169374,1.64988,32.862987,20.244612,2.745868,16.640944214285714,14.870125000000002,35.60247
test_27,2011.08232,"[1, 77.70110341197511, 2031.546850225468]",16.869224,14.531008,3.572745,40.313366,33.850133,1.848808,30.582214,2.065783,33.850271,5.113181,0.693868,36.807477,22.017139,2.921586,17.502628785714286,15.700116,40.313366
test_28,2020.01252,"[1, 75.94184857886651, 2040.7366061266794]",17.73327,15.519517,3.926192,42.478611,35.675315,1.93036,32.214325,2.169179,35.730865,5.468163,0.724879,38.778765,23.137386,3.150756,18.47411307142857,16.6263935,42.478611
test_29,2016.068115,"[1, 78.06017638490711, 1976.6545354090529]",18.004046,15.765642,4.409105,40.352201,35.885305,3.843934,32.260407,3.955523,36.170657,6.922494,1.677195,37.147607,22.659888,3.206407,18.732886500000003,16.884844,40.352201
test_30,1172.990484,"[1, 58.017539136461096, 1222.1707092884126]",10.059451,6.272342,1.430196,23.195147,17.616399,1.579223,16.73738,1.252844,17.640978,1.67633,0.672451,21.243778,13.565001,1.814761,9.62544864285714,8.165896499999999,23.195147
test_31,1085.844261,"[1, 54.493524168024074, 1108.3677932486778]",9.607278,5.774506,1.42686,20.881365,17.251191,2.019762,15.996174,1.962202,17.116307,2.067698,0.916357,19.527366,12.506239,1.683962,9.195519071428574,7.690892,20.881365
test_32,1085.844261,"[1, 54.493524168024074, 1108.3677932486778]",9.607278,5.774506,1.42686,20.881365,17.251191,2.019762,15.996174,1.962202,17.116307,2.067698,0.916357,19.527366,12.506239,1.683962,9.195519071428574,7.690892,20.881365
test_33,1085.844261,"[1, 54.493524168024074, 1108.3677932486778]",9.607278,5.774506,1.42686,20.881365,17.251191,2.019762,15.996174,1.962202,17.116307,2.067698,0.916357,19.527366,12.506239,1.683962,9.195519071428574,7.690892,20.881365
test_34,1092.650938,"[1, 54.024582657340865, 1115.337389355187]",9.932652,6.062881,1.453237,21.7802,17.949497,1.963872,16.632902,1.920017,17.850793,2.141389,0.870198,20.332399,12.94674,1.686189,9.537354714285716,7.997766499999999,21.7802
test_35,601.658647,"[1, 39.18049341214034, 610.1561052492325]",6.289649,3.982728,4.430202,7.349347,8.657045,5.869028,8.104084,5.682913,8.286403,3.012456,3.368547,8.34871,7.139073,4.01535,6.0382525,6.0793385,8.657045
test_36,620.445479,"[1, 39.936997308422264, 637.821856677301]",6.131711,3.493045,3.80905,8.176881,8.126363,5.071834,7.886243,4.777552,7.835497,2.283241,2.913334,8.825675,7.335933,3.669891,5.738303571428572,5.6017725,8.825675
test_37,600.763993,"[1, 39.18316507466787, 609.2521969916364]",6.282546,3.993254,4.456589,7.307843,8.63693,5.891173,8.083885,5.703129,8.263082,3.024292,3.38319,8.315881,7.124562,4.035092,6.035817714285715,6.0868595,8.63693
test_38,600.213709,"[1, 39.4069313118337, 608.67021032408]",6.244856,4.025558,4.544936,7.144246,8.553928,5.961232,7.997947,5.76248,8.162502,3.063936,3.431717,8.1818,7.056927,4.099595,6.016547142857143,6.103044000000001,8.553928
test_39,600.763993,"[1, 39.18316507466787, 609.2521969916364]",6.282546,3.993254,4.456589,7.307843,8.63693,5.891173,8.083885,5.703129,8.263082,3.024292,3.38319,8.315881,7.124562,4.035092,6.035817714285715,6.0868595,8.63693
