,Angles,PWM
0,0.6,24
1,1.8,24
2,3.6,24
3,6.0,24
4,7.2,24
5,9.6,24
6,11.4,24
7,13.8,24
8,15.6,24
9,18.0,24
10,19.2,24
11,20.4,24
12,21.0,24
13,21.0,24
14,21.0,24
15,21.0,24
16,21.0,24
17,21.0,24
18,21.6,24
19,21.6,24
20,21.6,24
21,21.6,24
22,21.6,24
23,21.6,24
24,21.6,24
25,21.6,24
26,21.6,24
27,21.6,24
28,21.6,24
29,21.6,24
30,21.6,24
31,21.6,24
32,21.6,24
33,21.6,24
34,21.6,24
35,21.6,24
36,21.6,24
37,21.6,24
38,21.6,24
39,21.6,24
40,21.6,24
41,21.6,24
42,21.6,24
43,21.6,24
44,21.6,24
45,21.6,24
46,21.6,24
47,21.6,24
48,21.6,24
49,21.6,24
50,21.6,24
51,21.6,24
52,21.6,24
53,21.6,24
54,21.6,24
55,21.6,24
56,21.6,24
57,21.6,24
58,21.6,24
59,21.6,24
60,21.6,24
61,21.6,24
62,21.6,24
63,21.6,24
64,21.6,24
65,21.6,24
66,21.6,24
67,21.6,24
68,21.6,24
69,21.6,24
70,21.6,24
71,21.6,24
72,21.6,24
73,21.6,24
74,21.6,24
75,21.6,24
76,21.6,24
77,21.6,24
78,21.6,24
79,21.6,24
80,21.6,24
81,21.6,24
82,21.6,24
83,21.6,24
84,21.6,24
85,21.6,24
86,21.6,24
87,21.6,24
88,21.6,24
89,21.6,24
90,21.6,24
91,21.6,24
92,21.6,24
93,21.6,24
94,21.6,-1
95,19.8,-1
96,18.6,-1
97,16.2,-1
98,15.0,-1
99,12.6,-1
100,10.8,-1
101,7.8,-1
102,6.0,-1
103,4.2,-1
104,2.4,-1
105,1.2,-1
106,0.0,-1
107,0.0,-1
108,0.0,-1
109,0.0,-1
110,0.0,-1
111,0.0,-1
112,0.0,-25
113,0.0,-25
114,-1.2,-25
115,-2.4,-25
116,-3.6,-25
117,-5.4,-25
118,-7.2,-25
119,-9.0,-25
120,-10.8,-25
121,-13.2,-25
122,-15.0,-25
123,-16.8,-25
124,-18.6,-25
125,-20.4,-25
126,-21.6,-25
127,-22.2,-25
128,-22.2,-25
129,-22.2,-25
130,-22.2,-25
131,-22.2,-25
132,-22.2,-25
133,-22.2,-25
134,-22.2,-25
135,-22.2,-25
136,-22.2,-25
137,-22.2,-25
138,-22.2,-25
139,-22.2,-25
140,-22.2,-25
141,-22.2,-25
142,-21.0,-15
143,-19.2,-15
144,-17.4,-15
145,-16.2,-15
146,-15.0,-15
147,-13.8,-15
148,-13.8,-15
149,-13.2,-15
150,-13.2,-15
151,-13.2,-15
152,-13.2,-15
153,-13.2,-15
154,-13.2,-15
155,-13.2,-15
156,-13.2,-15
157,-13.2,-15
158,-13.2,-15
159,-13.2,-15
160,-13.2,-15
161,-13.2,-15
162,-12.6,-15
163,-12.6,-15
164,-12.6,-15
165,-12.6,-15
166,-12.6,-15
167,-12.6,-15
168,-12.6,-15
169,-12.6,-15
170,-12.6,-15
171,-12.6,-15
172,-12.6,-15
173,-12.6,-15
174,-12.6,-15
175,-12.6,-15
176,-12.6,-15
177,-12.6,-15
178,-12.6,-15
179,-12.6,-15
180,-12.6,-15
181,-12.6,-15
182,-12.6,-15
183,-12.6,-15
184,-12.6,-15
185,-12.6,-15
186,-12.6,-15
187,-12.6,-15
188,-12.6,-15
189,-12.6,-15
190,-12.6,-15
191,-12.6,-15
192,-12.6,-15
193,-12.6,-15
194,-12.6,-15
195,-12.6,-15
196,-12.6,-15
197,-12.6,-15
198,-12.6,-15
199,-12.6,-15
200,-12.6,-15
201,-12.6,-15
202,-12.6,-15
203,-12.6,-15
204,-12.6,-15
205,-12.6,-15
206,-12.6,-15
207,-12.6,-15
208,-12.6,-15
209,-12.6,-15
210,-12.6,-15
211,-12.6,-15
212,-12.6,-15
213,-12.6,-15
214,-12.6,-15
215,-12.6,-15
216,-12.6,-15
217,-12.6,-15
218,-11.4,-8
219,-10.8,-8
220,-10.2,-8
221,-9.6,-8
222,-9.0,-8
223,-8.4,-8
224,-7.8,-8
225,-7.2,-8
226,-7.2,-8
227,-7.2,-8
228,-6.6,-8
229,-6.6,-8
230,-6.6,-8
231,-6.6,-8
232,-6.6,-8
233,-6.6,-8
234,-6.6,-8
235,-6.6,-8
236,-6.6,-8
237,-6.6,-8
238,-6.6,-8
239,-6.6,-8
240,-6.6,-8
241,-6.6,-8
242,-6.6,-8
243,-6.6,-8
244,-6.6,-8
245,-6.6,-8
246,-6.6,-8
247,-6.6,-8
248,-6.6,-8
249,-6.6,-8
250,-6.6,-8
251,-6.6,-8
252,-6.6,-8
253,-6.6,-8
254,-6.6,-8
255,-6.6,-8
256,-6.6,-8
257,-6.6,-8
258,-6.6,-8
259,-6.6,-8
260,-6.6,-8
261,-6.6,-8
262,-6.6,-8
263,-6.6,-8
264,-6.6,-8
265,-6.6,-8
266,-6.6,-8
267,-6.6,-8
268,-6.6,-8
269,-6.6,-8
270,-6.6,-8
271,-6.6,-8
272,-6.6,-8
273,-6.6,-8
274,-6.6,-8
275,-6.6,-8
276,-6.6,-8
277,-6.6,-8
278,-6.6,-8
279,-6.6,-8
280,-6.6,-8
281,-6.6,-8
282,-6.6,-8
283,-6.6,-8
284,-6.6,-8
285,-6.6,-8
286,-6.6,-8
287,-6.6,-8
288,-6.6,-8
289,-6.6,-8
290,-6.6,-8
291,-6.6,-8
292,-6.6,-8
293,-6.6,-8
294,-6.6,-8
295,-6.6,-8
296,-6.6,-8
297,-6.6,-8
298,-6.6,-8
299,-6.6,-8
300,-6.6,-8
301,-6.6,-8
302,-6.6,-8
303,-6.6,-8
304,-6.6,-8
305,-6.6,-8
306,-6.6,-8
307,-6.6,-8
308,-6.6,-8
309,-6.6,-22
310,-7.8,-22
311,-10.2,-22
312,-11.4,-22
313,-13.8,-22
314,-15.0,-22
315,-16.8,-22
316,-18.0,-22
317,-18.6,-22
318,-19.2,-22
319,-19.2,-22
320,-19.2,-22
321,-19.8,-22
322,-19.8,-22
323,-19.8,-22
324,-19.8,-22
325,-19.8,-22
326,-19.8,-22
327,-19.8,-22
328,-19.8,-22
329,-19.8,-22
330,-19.8,-22
331,-19.8,-22
332,-19.8,-22
333,-19.8,-22
334,-19.8,-22
335,-19.8,-22
336,-19.8,-22
337,-19.8,-22
338,-19.8,-22
339,-19.8,-22
340,-19.8,-22
341,-19.8,-22
342,-19.8,-22
343,-19.8,-22
344,-19.8,-22
345,-19.8,-22
346,-19.8,-22
347,-19.8,-22
348,-19.8,-22
349,-19.8,-22
350,-19.8,-22
351,-19.8,-22
352,-19.8,-22
353,-19.8,-22
354,-19.8,-22
355,-19.8,-22
356,-19.8,-22
357,-19.8,-22
358,-19.8,-22
359,-19.8,-22
360,-19.8,-22
361,-19.8,-22
362,-19.8,-22
363,-19.8,-22
364,-19.8,-22
365,-19.8,-22
366,-19.8,-22
367,-19.8,-22
368,-19.8,-22
369,-19.8,-22
370,-19.8,-22
371,-19.8,-22
372,-19.8,-22
373,-19.8,-22
374,-19.8,-22
375,-19.8,-22
376,-19.8,-22
377,-19.8,-22
378,-19.8,-22
379,-19.8,-22
380,-19.8,-22
381,-19.2,0
382,-18.0,0
383,-16.2,0
384,-14.4,0
385,-12.0,0
386,-10.2,0
387,-7.8,0
388,-5.4,0
389,-3.6,0
390,-2.4,0
391,-1.2,0
392,-0.6,0
393,0.0,0
394,0.0,0
395,0.0,0
396,0.0,0
397,0.0,0
398,0.0,0
399,0.0,0
400,0.0,0
401,0.0,0
402,0.0,0
403,0.0,0
404,0.0,0
405,0.0,0
406,0.0,0
407,0.0,0
408,0.0,0
409,0.0,0
410,0.0,0
411,0.0,0
412,0.0,0
413,0.0,0
414,0.0,0
415,0.0,0
416,0.0,0
417,0.0,0
418,0.0,0
419,0.0,0
420,0.0,0
421,0.0,0
422,0.0,0
423,-0.6,-8
424,-1.8,-8
425,-3.6,-8
426,-4.8,-8
427,-6.0,-8
428,-6.6,-8
429,-7.2,-8
430,-7.2,-8
431,-7.2,-8
432,-7.2,-8
433,-7.2,-8
434,-7.2,-8
435,-7.2,-8
436,-7.2,-8
437,-7.2,-8
438,-7.2,-8
439,-7.2,-8
440,-7.2,-8
441,-7.2,-8
442,-7.2,-8
443,-7.2,-8
444,-7.2,-8
445,-7.8,-21
446,-8.4,-21
447,-9.0,-21
448,-10.2,-21
449,-11.4,-21
450,-12.6,-21
451,-13.8,-21
452,-15.6,-21
453,-16.2,-21
454,-17.4,-21
455,-18.0,-21
456,-18.6,-21
457,-18.6,-21
458,-19.2,-21
459,-19.2,-21
460,-19.2,-21
461,-19.2,-21
462,-19.2,-21
463,-19.2,-21
464,-19.2,-21
465,-19.2,-21
466,-19.2,-21
467,-19.2,-21
468,-19.2,-21
469,-19.2,-21
470,-19.2,-21
471,-19.2,-21
472,-19.2,-21
473,-19.2,-21
474,-19.2,-21
475,-19.2,-21
476,-19.2,-21
477,-19.2,-21
478,-19.2,-21
479,-19.2,-21
480,-19.2,-21
481,-19.2,-21
482,-19.2,-21
483,-19.2,-21
484,-19.2,-21
485,-19.2,-21
486,-19.2,-21
487,-19.2,-21
488,-19.2,-21
489,-19.2,-21
490,-19.2,-21
491,-19.2,-21
492,-19.2,-21
493,-19.2,-21
494,-19.2,-21
495,-19.2,-21
496,-19.2,-21
497,-19.2,-21
498,-19.2,-21
499,-19.2,-21
500,-19.2,-21
501,-19.2,-21
502,-18.6,11
503,-16.8,11
504,-15.0,11
505,-13.2,11
506,-10.8,11
507,-9.0,11
508,-6.6,11
509,-4.2,11
510,-1.8,11
511,0.0,11
512,2.4,11
513,4.2,11
514,6.6,11
515,7.8,11
516,9.0,11
517,9.0,11
518,9.6,11
519,9.6,11
520,9.6,11
521,9.6,11
522,9.6,11
523,9.6,11
524,9.6,11
525,9.6,11
526,9.6,11
527,9.6,11
528,9.6,11
529,9.6,11
530,9.6,11
531,9.6,11
532,9.6,11
533,9.6,11
534,9.6,11
535,9.6,11
536,9.6,11
537,9.6,11
538,9.6,11
539,9.6,11
540,9.6,11
541,9.6,11
542,9.6,11
543,9.6,11
544,9.6,11
545,9.6,11
546,9.6,11
547,9.6,11
548,9.6,11
549,9.6,11
550,9.6,11
551,9.6,11
552,9.6,11
553,9.6,11
554,9.6,11
555,9.6,11
556,9.6,11
557,9.6,11
558,9.6,11
559,9.6,11
560,9.6,11
561,9.6,11
562,9.6,11
563,9.6,11
564,9.6,11
565,9.6,11
566,9.6,11
567,9.6,11
568,9.6,11
569,9.6,11
570,9.6,11
571,9.6,11
572,9.6,11
573,9.6,11
574,9.6,11
575,9.6,11
576,9.6,11
577,9.6,11
578,9.6,11
579,9.6,11
580,9.6,11
581,9.6,11
582,10.8,27
583,11.4,27
584,12.6,27
585,13.8,27
586,15.0,27
587,16.8,27
588,18.6,27
589,19.8,27
590,21.6,27
591,22.8,27
592,23.4,27
593,23.4,27
594,24.0,27
595,24.0,27
596,24.0,27
597,24.0,27
598,24.0,27
599,24.0,27
600,24.0,27
601,24.0,27
602,24.0,27
603,24.0,27
604,24.0,27
605,24.0,27
606,24.0,27
607,24.0,27
608,24.0,27
609,24.0,27
610,24.0,27
611,24.0,27
612,24.0,27
613,24.0,27
614,22.2,18
615,21.0,18
616,19.2,18
617,18.0,18
618,16.8,18
619,16.2,18
620,15.6,18
621,15.6,18
622,15.6,18
623,15.6,18
624,15.6,18
625,15.6,18
626,15.6,18
627,15.6,18
628,15.6,18
629,15.6,18
630,15.6,18
631,15.6,18
632,15.6,18
633,15.6,18
634,15.6,18
635,15.6,18
636,15.6,18
637,15.6,18
638,15.6,18
639,15.6,18
640,15.6,18
641,15.6,18
642,15.6,18
643,15.6,18
644,15.6,18
645,15.6,18
646,15.6,18
647,15.6,18
648,15.6,18
649,15.6,18
650,15.6,18
651,15.6,18
652,15.6,18
653,15.6,18
654,15.6,18
655,15.6,18
656,15.6,18
657,15.6,18
658,15.6,18
659,15.6,18
660,15.6,18
661,15.6,18
662,15.6,18
663,15.6,18
664,15.6,18
665,15.6,18
666,15.6,18
667,15.6,28
668,17.4,28
669,18.6,28
670,20.4,28
671,21.6,28
672,22.8,28
673,23.4,28
674,23.4,28
675,24.6,28
676,24.6,28
677,24.6,28
678,24.6,28
679,24.6,28
680,24.6,28
681,24.6,28
682,24.6,28
683,24.6,28
684,24.6,28
685,24.6,28
686,24.6,28
687,24.6,28
688,24.6,28
689,24.6,28
690,24.6,28
691,24.6,28
692,24.6,28
693,24.6,28
694,24.6,28
695,24.6,28
696,24.6,28
697,24.6,28
698,24.6,28
699,24.6,28
700,24.6,28
701,24.6,28
702,24.6,28
703,24.6,28
704,24.6,28
705,24.6,28
706,24.6,28
707,24.6,28
708,24.6,28
709,24.6,28
710,24.6,28
711,24.6,28
712,24.6,28
713,24.6,28
714,24.6,28
715,24.6,28
716,24.6,28
717,24.6,28
718,24.6,28
719,24.6,28
720,24.6,28
721,24.6,28
722,24.6,28
723,24.6,28
724,24.6,28
725,24.6,28
726,24.6,28
727,24.6,28
728,24.6,28
729,24.6,28
730,24.6,28
731,24.6,28
732,24.6,28
733,24.6,28
734,24.6,28
735,24.6,28
736,24.6,0
737,23.4,0
738,21.0,0
739,19.8,0
740,17.4,0
741,15.6,0
742,13.2,0
743,11.4,0
744,9.0,0
745,7.2,0
746,4.8,0
747,3.0,0
748,1.8,0
749,0.6,0
750,0.0,0
751,0.0,0
752,0.0,0
753,0.0,0
754,0.0,0
755,0.0,0
756,0.0,0
757,0.0,0
758,0.0,0
759,0.0,0
760,0.0,0
761,0.0,0
762,0.0,0
763,0.0,0
764,0.0,0
765,0.0,0
766,0.0,0
767,0.0,0
768,0.0,0
769,0.0,0
770,0.0,0
771,0.0,0
772,-0.6,-23
773,-1.8,-23
774,-3.6,-23
775,-5.4,-23
776,-7.2,-23
777,-9.6,-23
778,-11.4,-23
779,-13.8,-23
780,-15.6,-23
781,-17.4,-23
782,-19.2,-23
783,-20.4,-23
784,-21.0,-23
785,-21.0,-23
786,-21.0,-23
787,-21.0,-23
788,-21.0,-23
789,-21.0,-23
790,-21.0,-23
791,-21.0,-23
792,-21.0,-23
793,-21.0,-23
794,-21.0,-23
795,-21.0,-23
796,-21.0,-23
797,-21.0,-23
798,-21.0,-23
799,-21.0,-23
800,-21.0,-23
801,-21.0,-23
802,-21.0,-23
803,-21.0,-23
804,-21.0,-23
805,-21.0,-23
806,-21.0,-23
807,-21.0,-23
808,-21.0,-23
809,-21.0,-23
810,-21.0,-23
811,-21.0,-23
812,-21.0,-23
813,-21.0,-23
814,-21.0,-23
815,-21.0,-23
816,-21.0,-23
817,-21.0,-23
818,-21.0,-23
819,-21.0,-23
820,-21.0,-23
821,-21.0,-23
822,-21.0,-23
823,-21.0,-23
824,-21.0,-23
825,-21.0,-23
826,-21.0,-23
827,-21.0,-23
828,-21.0,-23
829,-21.0,-23
830,-21.0,-23
831,-21.0,-23
832,-21.0,-23
833,-21.0,-23
834,-21.0,-23
835,-21.0,-23
836,-21.0,-23
837,-21.0,-23
838,-21.0,-23
839,-21.0,-23
840,-21.0,-23
841,-21.0,-23
842,-21.0,-23
843,-21.0,-23
844,-21.0,-23
845,-21.0,-23
846,-21.0,-23
847,-21.0,-23
848,-21.0,-23
849,-21.0,-23
850,-21.0,-23
851,-21.0,-23
852,-21.0,-23
853,-21.0,-23
854,-21.0,-23
855,-21.0,-23
856,-21.0,-23
857,-21.0,-23
858,-21.0,-23
859,-21.0,-23
860,-21.0,-23
861,-20.4,23
862,-18.6,23
863,-16.8,23
864,-15.0,23
865,-12.6,23
866,-10.2,23
867,-7.8,23
868,-6.0,23
869,-3.6,23
870,-1.2,23
871,1.2,23
872,3.0,23
873,6.0,23
874,8.4,23
875,10.2,23
876,12.6,23
877,15.0,23
878,16.8,23
879,18.0,23
880,19.2,23
881,19.2,23
882,19.8,23
883,19.8,23
884,19.8,23
885,19.8,23
886,19.8,23
887,19.8,23
888,19.8,23
889,19.8,23
890,19.8,23
891,19.8,23
892,19.8,23
893,19.8,23
894,19.8,23
895,19.8,23
896,19.8,23
897,19.8,23
898,19.8,23
899,19.8,23
900,19.8,23
901,19.8,23
902,19.8,23
903,19.8,23
904,19.8,23
905,19.8,23
906,19.8,23
907,19.8,23
908,19.8,23
909,18.6,-20
910,17.4,-20
911,15.6,-20
912,13.8,-20
913,11.4,-20
914,9.6,-20
915,7.2,-20
916,4.8,-20
917,2.4,-20
918,0.6,-20
919,-1.8,-20
920,-4.2,-20
921,-6.6,-20
922,-9.0,-20
923,-11.4,-20
924,-13.2,-20
925,-15.0,-20
926,-16.2,-20
927,-17.4,-20
928,-18.0,-20
929,-18.0,-20
930,-18.0,-20
931,-18.0,-20
932,-18.0,-20
933,-18.0,-20
934,-18.0,-20
935,-18.0,-20
936,-18.0,-20
937,-18.0,-20
938,-18.0,-20
939,-18.0,-20
940,-18.0,-20
941,-18.0,-20
942,-18.0,-20
943,-18.0,-20
944,-18.0,-20
945,-18.0,-20
946,-18.0,-20
947,-18.0,-20
948,-18.0,-20
949,-18.0,-20
950,-18.0,-20
951,-18.0,-20
952,-18.0,-20
953,-18.0,-20
954,-18.0,-20
955,-18.0,-20
956,-18.0,-20
957,-18.0,-20
958,-18.0,-20
959,-18.0,-20
960,-18.0,-20
961,-18.0,-20
962,-18.0,-20
963,-18.0,-20
964,-18.0,-20
965,-18.0,-20
966,-18.0,-20
967,-18.0,-20
968,-18.0,-20
969,-18.0,-20
970,-18.0,-20
971,-18.0,-20
972,-18.0,-20
973,-18.0,-20
974,-18.0,-20
975,-18.0,-20
976,-18.0,-20
977,-18.0,-20
978,-18.0,-20
979,-18.0,-20
980,-18.0,-20
981,-18.0,-6
982,-16.2,-6
983,-14.4,-6
984,-12.6,-6
985,-10.8,-6
986,-9.0,-6
987,-7.8,-6
988,-6.6,-6
989,-6.0,-6
990,-6.0,-6
991,-6.0,-6
992,-5.4,-6
993,-5.4,-6
994,-5.4,-6
995,-5.4,-6
996,-5.4,-6
997,-5.4,-6
998,-5.4,-6
999,-5.4,-6
1000,-5.4,-6
1001,-5.4,-6
1002,-5.4,-6
1003,-5.4,-6
1004,-5.4,-6
1005,-5.4,-6
1006,-5.4,-6
1007,-5.4,-6
1008,-5.4,-6
1009,-5.4,-6
1010,-5.4,-6
1011,-5.4,-6
1012,-5.4,-6
1013,-5.4,-6
1014,-5.4,-6
1015,-5.4,-6
1016,-5.4,-6
1017,-5.4,-6
1018,-5.4,-6
1019,-5.4,-6
1020,-5.4,-6
1021,-5.4,-6
1022,-6.0,-7
1023,-6.0,-7
1024,-6.0,-7
1025,-6.0,-7
1026,-6.6,-30
1027,-7.8,-30
1028,-8.4,-30
1029,-9.6,-30
1030,-10.8,-30
1031,-12.6,-30
1032,-14.4,-30
1033,-16.8,-30
1034,-18.6,-30
1035,-21.0,-30
1036,-22.8,-30
1037,-24.6,-30
1038,-25.2,-30
1039,-26.4,-30
1040,-27.0,-30
1041,-27.0,-30
1042,-27.0,-30
1043,-27.0,-30
1044,-27.0,-30
1045,-27.0,-30
1046,-27.0,-30
1047,-27.0,-30
1048,-27.0,-30
1049,-27.0,-30
1050,-27.0,-30
1051,-27.0,-30
1052,-27.0,-30
1053,-27.0,-30
1054,-27.0,-30
1055,-27.0,-30
1056,-27.0,-30
1057,-27.0,-30
1058,-27.0,-30
1059,-27.0,-30
1060,-27.0,-30
1061,-27.0,-30
1062,-27.0,-30
1063,-27.0,-30
1064,-27.0,-30
1065,-27.0,-30
1066,-27.0,-30
1067,-27.0,-30
1068,-27.0,-30
1069,-27.0,-30
1070,-27.0,-30
1071,-27.0,-30
1072,-27.0,-30
1073,-26.4,0
1074,-25.2,0
1075,-22.8,0
1076,-21.6,0
1077,-18.6,0
1078,-16.8,0
1079,-14.4,0
1080,-12.6,0
1081,-10.2,0
1082,-7.8,0
1083,-5.4,0
1084,-3.6,0
1085,-1.8,0
1086,-1.2,0
1087,-0.6,0
1088,0.0,0
1089,0.0,0
1090,0.0,0
1091,0.0,0
1092,0.0,0
1093,0.0,0
1094,0.0,0
1095,0.0,0
1096,0.0,0
1097,0.0,0
1098,0.0,0
1099,-0.6,-14
1100,-1.8,-14
1101,-3.6,-14
1102,-5.4,-14
1103,-7.2,-14
1104,-9.0,-14
1105,-10.2,-14
1106,-11.4,-14
1107,-12.0,-14
1108,-12.6,-14
1109,-12.6,-14
1110,-12.6,-14
1111,-12.6,-14
1112,-12.6,-14
1113,-12.6,-14
1114,-12.6,-14
1115,-12.6,-14
1116,-12.6,-14
1117,-12.6,-14
1118,-12.6,-14
1119,-12.6,-14
1120,-12.6,-14
1121,-12.6,-14
1122,-12.6,-14
1123,-12.6,-14
1124,-12.6,-14
1125,-12.6,-14
1126,-12.6,-14
1127,-12.6,-14
1128,-12.6,-14
1129,-12.6,-14
1130,-12.6,-14
1131,-12.6,-14
1132,-12.6,-14
1133,-12.6,-14
1134,-12.6,-14
1135,-12.6,-14
1136,-12.6,-14
1137,-12.6,-14
1138,-12.6,-14
1139,-12.6,-14
1140,-12.6,-14
1141,-12.6,-14
1142,-12.6,-14
1143,-12.6,-14
1144,-12.6,-14
1145,-12.6,-14
1146,-12.6,-14
1147,-12.6,-14
1148,-12.6,-14
1149,-12.6,-14
1150,-12.6,-14
1151,-12.6,-14
1152,-12.6,-14
1153,-12.6,-14
1154,-12.6,-14
1155,-12.6,-14
1156,-12.6,-14
1157,-12.6,-14
1158,-12.6,-14
1159,-12.6,-14
1160,-12.6,-14
1161,-12.6,-14
1162,-12.6,-14
1163,-12.6,-14
1164,-12.6,-14
1165,-12.6,-14
1166,-12.6,-14
1167,-12.6,-14
1168,-12.6,-14
1169,-12.6,-14
1170,-12.6,-14
1171,-12.6,-14
1172,-12.6,-14
1173,-12.6,-14
1174,-12.6,-14
1175,-12.6,-14
1176,-12.6,-14
1177,-12.6,-14
1178,-12.6,-14
1179,-12.6,-14
1180,-12.6,-14
1181,-12.6,-14
1182,-12.6,-14
1183,-12.6,-14
1184,-12.6,-14
1185,-12.6,-14
1186,-12.6,-14
1187,-12.6,-14
1188,-12.6,-14
1189,-12.6,-14
1190,-12.6,-14
1191,-12.6,-14
1192,-12.6,-14
1193,-12.6,-14
1194,-12.6,8
1195,-12.0,8
1196,-10.2,8
1197,-8.4,8
1198,-6.0,8
1199,-4.2,8
1200,-1.8,8
1201,0.0,8
1202,2.4,8
1203,4.2,8
1204,4.8,8
1205,6.0,8
1206,6.0,8
1207,6.6,8
1208,7.2,8
1209,7.2,8
1210,7.2,8
1211,7.2,8
1212,7.2,8
1213,7.2,8
1214,7.2,8
1215,7.2,8
1216,7.2,8
1217,7.2,8
1218,7.2,8
1219,7.2,8
1220,7.2,8
1221,7.2,8
1222,7.2,8
1223,7.2,8
1224,7.2,8
1225,7.2,8
1226,7.2,8
1227,7.2,8
1228,7.2,8
1229,7.2,8
1230,7.2,8
1231,7.2,8
1232,7.2,8
1233,7.2,8
1234,7.2,8
1235,7.2,8
1236,7.2,8
1237,7.2,8
1238,7.2,8
1239,7.2,8
1240,7.2,8
1241,7.2,8
1242,7.2,8
1243,7.2,8
1244,7.2,8
1245,7.2,8
1246,7.2,8
1247,7.2,8
1248,7.2,8
1249,7.2,8
1250,7.2,8
1251,7.2,8
1252,7.2,8
1253,7.2,8
1254,7.2,8
1255,7.2,8
1256,7.2,8
1257,7.2,8
1258,7.2,8
1259,7.2,-9
1260,6.0,-9
1261,4.2,-9
1262,2.4,-9
1263,0.6,-9
1264,-1.2,-9
1265,-3.6,-9
1266,-4.8,-9
1267,-6.0,-9
1268,-7.2,-9
1269,-7.2,-9
1270,-7.2,-9
1271,-7.2,-9
1272,-7.2,-9
1273,-7.2,-9
1274,-7.8,-9
1275,-7.8,-9
1276,-7.8,-9
1277,-7.8,-9
1278,-7.8,-9
1279,-7.8,-9
1280,-7.8,-9
1281,-7.8,-9
1282,-7.8,-9
1283,-7.8,-9
1284,-7.8,-9
1285,-7.8,-9
1286,-7.8,-9
1287,-7.8,-9
1288,-7.8,-9
1289,-7.8,-9
1290,-7.8,-9
1291,-7.8,-9
1292,-7.8,-9
1293,-7.8,-9
1294,-7.8,-9
1295,-8.4,-19
1296,-9.0,-19
1297,-9.6,-19
1298,-10.8,-19
1299,-11.4,-19
1300,-12.6,-19
1301,-13.8,-19
1302,-14.4,-19
1303,-15.6,-19
1304,-16.2,-19
1305,-16.2,-19
1306,-16.2,-19
1307,-16.8,-19
1308,-16.8,-19
1309,-16.8,-19
1310,-16.8,-19
1311,-16.8,-19
1312,-16.8,-19
1313,-16.8,-19
1314,-16.8,-19
1315,-16.8,-19
1316,-16.8,-19
1317,-16.8,-19
1318,-16.8,-19
1319,-16.8,-19
1320,-16.8,-19
1321,-16.8,-19
1322,-16.8,-19
1323,-16.8,-19
1324,-16.8,-19
1325,-16.8,-19
1326,-16.8,-19
1327,-16.8,-19
1328,-16.8,-19
1329,-16.8,-19
1330,-16.8,-19
1331,-16.8,-19
1332,-16.8,-19
1333,-16.8,-19
1334,-16.8,-19
1335,-16.8,-19
1336,-16.8,-19
1337,-16.8,-19
1338,-16.8,-19
1339,-16.8,-19
1340,-16.8,-19
1341,-16.8,-19
1342,-16.8,-19
1343,-16.8,-19
1344,-16.8,-19
1345,-16.8,-19
1346,-16.8,-19
1347,-16.8,-19
1348,-16.8,-19
1349,-16.8,-19
1350,-16.8,-19
1351,-16.8,-19
1352,-16.8,-19
1353,-16.8,-19
1354,-16.8,-19
1355,-16.8,-19
1356,-16.8,-19
1357,-16.8,-19
1358,-16.8,-19
1359,-16.8,-19
1360,-16.8,-19
1361,-16.8,-19
1362,-16.8,-19
1363,-16.8,-19
1364,-16.8,-19
1365,-16.8,-19
1366,-16.8,-19
1367,-16.8,-19
1368,-16.8,-19
1369,-16.8,-19
1370,-16.8,-19
1371,-16.8,-19
1372,-16.8,-19
1373,-16.8,-19
1374,-16.8,-19
1375,-16.8,-19
1376,-16.8,-19
1377,-16.8,-13
1378,-15.6,-13
1379,-14.4,-13
1380,-13.2,-13
1381,-12.0,-13
1382,-12.0,-13
1383,-12.0,-13
1384,-12.0,-13
1385,-12.0,-13
1386,-12.0,-13
1387,-12.0,-13
1388,-12.0,-13
1389,-12.0,-13
1390,-12.0,7
1391,-10.8,7
1392,-10.2,7
1393,-9.0,7
1394,-7.2,7
1395,-6.0,7
1396,-3.6,7
1397,-2.4,7
1398,0.0,7
1399,1.8,7
1400,3.6,7
1401,4.8,7
1402,5.4,7
1403,5.4,7
1404,6.0,7
1405,6.0,7
1406,6.0,7
1407,6.0,7
1408,6.0,7
1409,6.0,7
1410,6.0,7
1411,6.0,7
1412,6.0,7
1413,6.0,7
1414,6.0,7
1415,6.0,7
1416,6.0,7
1417,6.0,7
1418,6.0,7
1419,6.0,7
1420,6.0,7
1421,6.0,7
1422,6.0,7
1423,6.0,7
1424,6.0,7
1425,6.0,7
1426,6.0,7
1427,6.0,7
1428,6.0,7
1429,6.0,7
1430,6.0,7
1431,6.0,0
1432,4.2,0
1433,3.0,0
1434,1.2,0
1435,0.6,0
1436,0.0,0
1437,0.0,0
1438,0.0,0
1439,0.0,0
1440,0.0,0
1441,0.0,0
1442,0.0,0
1443,0.0,0
1444,0.0,0
1445,0.0,0
1446,0.0,0
1447,0.0,0
1448,0.0,0
1449,0.0,0
1450,0.0,0
1451,0.0,0
1452,0.0,0
1453,0.0,0
1454,0.0,0
1455,0.0,0
1456,0.0,0
1457,0.0,0
1458,0.0,0
1459,0.0,0
1460,0.0,0
1461,0.0,0
1462,0.0,0
1463,0.0,0
1464,0.0,0
1465,0.0,0
1466,0.0,0
1467,0.0,0
1468,0.0,0
1469,0.0,0
1470,0.0,0
1471,0.0,0
1472,0.0,0
1473,-0.6,-29
1474,-1.8,-29
1475,-3.6,-29
1476,-5.4,-29
1477,-7.2,-29
1478,-9.6,-29
1479,-11.4,-29
1480,-13.8,-29
1481,-15.6,-29
1482,-18.0,-29
1483,-19.8,-29
1484,-22.2,-29
1485,-23.4,-29
1486,-25.2,-29
1487,-25.8,-29
1488,-26.4,-29
1489,-26.4,-29
1490,-26.4,-29
1491,-27.0,-29
1492,-27.0,-29
1493,-27.0,-29
1494,-27.0,-29
1495,-27.0,-29
1496,-27.0,-29
1497,-27.0,-29
1498,-27.0,-29
1499,-27.0,-29
1500,-27.0,-29
1501,-27.0,-29
1502,-27.0,-29
1503,-27.0,-29
1504,-27.0,-29
1505,-27.0,-29
1506,-27.0,-29
1507,-27.0,-29
1508,-27.0,-29
1509,-27.0,-29
1510,-27.0,-29
1511,-27.0,-29
1512,-27.0,-29
1513,-27.0,-29
1514,-27.0,-29
1515,-27.0,-29
1516,-27.0,-29
1517,-27.0,-29
1518,-27.0,-29
1519,-27.0,-29
1520,-27.0,-29
1521,-27.0,-29
1522,-27.0,-29
1523,-27.0,-29
1524,-27.0,-29
1525,-27.0,-29
1526,-27.0,-29
1527,-27.0,-29
1528,-27.0,-29
1529,-27.0,-29
1530,-27.0,-29
1531,-27.0,-29
1532,-27.0,-29
1533,-27.0,-29
1534,-27.0,-29
1535,-27.0,-29
1536,-27.0,-29
1537,-27.0,-29
1538,-27.0,-29
1539,-27.0,-29
1540,-27.0,-29
1541,-27.0,-29
1542,-27.0,-29
1543,-27.0,-29
1544,-27.0,-29
1545,-27.0,-29
1546,-27.0,-29
1547,-27.0,-29
1548,-27.0,-29
1549,-27.0,-29
1550,-27.0,-29
1551,-27.0,-29
1552,-27.0,-29
1553,-27.0,-29
1554,-27.0,-29
1555,-27.0,-29
1556,-27.0,-29
1557,-27.0,-29
1558,-27.0,-29
1559,-27.0,-29
1560,-27.0,-29
1561,-27.0,-29
1562,-27.0,-29
1563,-27.0,-29
1564,-27.0,-29
1565,-27.0,-29
1566,-27.0,-29
1567,-27.0,-29
1568,-27.0,-29
1569,-27.0,-29
1570,-27.0,-29
1571,-27.0,-7
1572,-25.8,-7
1573,-24.6,-7
1574,-22.8,-7
1575,-20.4,-7
1576,-18.6,-7
1577,-16.2,-7
1578,-14.4,-7
1579,-12.6,-7
1580,-10.2,-7
1581,-9.0,-7
1582,-7.8,-7
1583,-7.2,-7
1584,-6.6,-7
1585,-6.6,-7
1586,-6.6,-7
1587,-6.6,-7
1588,-6.6,-7
1589,-6.6,-7
1590,-6.6,-7
1591,-6.6,-7
1592,-6.6,-7
1593,-6.6,-7
1594,-6.6,-7
1595,-6.6,-7
1596,-6.6,-7
1597,-6.6,-7
1598,-6.6,-7
1599,-6.6,-7
1600,-6.6,-7
1601,-6.6,-7
1602,-6.6,-7
1603,-6.6,-7
1604,-6.6,-7
1605,-6.6,-7
1606,-6.6,-7
1607,-6.6,-7
1608,-6.6,-7
1609,-6.6,-7
1610,-6.6,-7
1611,-6.6,-7
1612,-6.6,-7
1613,-6.6,-7
1614,-6.6,-7
1615,-6.6,-7
1616,-6.6,-7
1617,-6.6,-7
1618,-6.6,-7
1619,-6.6,-7
1620,-6.6,-7
1621,-6.6,-7
1622,-6.6,-7
1623,-6.6,-7
1624,-6.6,-7
1625,-6.6,-7
1626,-6.6,-7
1627,-6.6,-7
1628,-6.6,-7
1629,-6.6,-7
1630,-6.6,-7
1631,-6.6,-7
1632,-6.6,-7
1633,-6.6,-7
1634,-6.6,-7
1635,-6.6,-24
1636,-7.8,-24
1637,-9.0,-24
1638,-10.8,-24
1639,-12.6,-24
1640,-14.4,-24
1641,-16.2,-24
1642,-18.6,-24
1643,-19.8,-24
1644,-20.4,-24
1645,-21.6,-24
1646,-21.6,-24
1647,-21.6,-24
1648,-22.2,-24
1649,-22.2,-24
1650,-22.2,-24
1651,-22.2,-24
1652,-22.2,-24
1653,-22.2,-24
1654,-22.2,-24
1655,-22.2,-24
1656,-22.2,-24
1657,-22.2,-24
1658,-22.2,-24
1659,-22.2,-24
1660,-22.2,-24
1661,-22.2,-24
1662,-22.2,-24
1663,-22.2,-24
1664,-22.2,-24
1665,-22.2,-24
1666,-22.2,-24
1667,-22.2,-24
1668,-22.2,-24
1669,-22.2,-34
1670,-23.4,-34
1671,-24.0,-34
1672,-24.6,-34
1673,-25.2,-34
1674,-26.4,-34
1675,-27.6,-34
1676,-28.8,-34
1677,-29.4,-34
1678,-30.6,-34
1679,-31.2,-34
1680,-31.8,-34
1681,-31.8,-34
1682,-31.8,-34
1683,-31.8,-34
1684,-31.8,-34
1685,-31.8,-34
1686,-31.8,-34
1687,-31.8,-34
1688,-31.8,-34
1689,-31.8,-34
1690,-31.8,-34
1691,-31.8,-34
1692,-31.8,-34
1693,-31.8,-34
1694,-31.8,-34
1695,-31.8,-34
1696,-31.8,-34
1697,-31.8,-34
1698,-31.8,-34
1699,-31.8,-34
1700,-31.8,-34
1701,-31.8,-34
1702,-31.8,-34
1703,-31.8,-34
1704,-31.8,-34
1705,-31.8,-34
1706,-31.8,-34
1707,-31.8,-34
1708,-31.8,-34
1709,-31.8,-34
1710,-31.8,-34
1711,-31.8,-34
1712,-31.8,-34
1713,-31.8,-34
1714,-31.8,-34
1715,-31.8,-34
1716,-31.8,-34
1717,-31.8,-34
1718,-31.8,-34
1719,-31.8,-34
1720,-31.8,-34
1721,-31.8,-34
1722,-31.8,-34
1723,-31.8,-34
1724,-31.8,-34
1725,-31.8,-34
1726,-31.8,-34
1727,-31.8,-34
1728,-31.8,-34
1729,-31.8,-34
1730,-31.8,-34
1731,-31.8,-34
1732,-31.8,-34
1733,-31.8,-34
1734,-31.8,-34
1735,-31.8,-34
1736,-31.8,-34
1737,-31.8,-34
1738,-31.8,-34
1739,-31.8,-34
1740,-31.8,-34
1741,-31.8,-34
1742,-31.8,-34
1743,-31.8,-34
1744,-31.8,-34
1745,-31.8,-34
1746,-31.8,-34
1747,-31.8,-34
1748,-31.8,-34
1749,-31.8,-34
1750,-30.6,2
1751,-29.4,2
1752,-27.6,2
1753,-25.8,2
1754,-23.4,2
1755,-21.6,2
1756,-19.2,2
1757,-17.4,2
1758,-15.0,2
1759,-13.2,2
1760,-10.2,2
1761,-8.4,2
1762,-5.4,2
1763,-3.6,2
1764,-1.8,2
1765,-0.6,2
1766,0.0,2
1767,0.0,2
1768,0.0,2
1769,0.0,2
1770,0.0,2
1771,-0.6,-8
1772,-2.4,-8
1773,-3.6,-8
1774,-4.8,-8
1775,-6.0,-8
1776,-6.0,-8
1777,-6.6,-8
1778,-6.6,-8
1779,-6.6,-8
1780,-6.6,-8
1781,-6.6,-8
1782,-6.6,-8
1783,-6.6,-8
1784,-6.6,-8
1785,-6.6,-8
1786,-6.6,-8
1787,-6.6,-8
1788,-6.6,-8
1789,-6.6,-8
1790,-6.6,-8
1791,-6.6,-8
1792,-6.6,-8
1793,-6.6,-8
1794,-6.6,-8
1795,-6.6,-8
1796,-6.6,-8
1797,-6.6,-8
1798,-6.6,-8
1799,-6.6,-8
1800,-6.6,-8
1801,-6.6,-8
1802,-6.6,-8
1803,-6.6,-8
1804,-6.6,-8
1805,-6.6,-8
1806,-6.6,-8
1807,-6.6,0
1808,-4.8,0
1809,-3.6,0
1810,-1.8,0
1811,-1.2,0
1812,-0.6,0
1813,0.0,0
1814,0.0,0
1815,0.0,0
1816,0.0,0
1817,0.0,0
1818,0.0,0
1819,0.0,0
1820,0.0,0
1821,0.0,0
1822,0.0,0
1823,0.0,0
1824,0.0,0
1825,0.0,0
1826,0.0,0
1827,0.0,0
1828,0.0,0
1829,0.0,0
1830,0.0,0
1831,0.0,0
1832,0.0,0
1833,0.0,0
1834,0.0,0
1835,0.0,0
1836,0.0,0
1837,0.0,0
1838,0.0,0
1839,0.0,0
1840,0.0,0
1841,0.0,0
1842,0.0,0
1843,0.0,0
1844,0.0,0
1845,0.0,0
1846,0.0,0
1847,0.0,0
1848,0.0,0
1849,0.0,0
1850,0.0,0
1851,0.0,0
1852,0.0,0
1853,0.0,0
1854,0.0,0
1855,0.0,0
1856,0.0,0
1857,0.0,0
1858,0.0,0
1859,0.0,0
1860,0.0,0
1861,0.0,0
1862,0.0,0
1863,0.0,0
1864,0.0,0
1865,0.0,0
1866,0.0,0
1867,0.0,0
1868,0.0,0
1869,0.0,0
1870,0.0,0
1871,0.0,0
1872,0.0,0
1873,0.0,0
1874,0.0,0
1875,0.0,0
1876,0.0,0
1877,0.0,0
1878,0.0,0
1879,0.0,0
1880,0.0,0
1881,0.0,0
1882,0.0,0
1883,0.0,0
1884,0.0,0
1885,0.0,0
1886,0.0,0
1887,0.0,0
1888,0.0,0
1889,0.0,0
1890,0.0,0
1891,0.0,0
1892,0.0,0
1893,0.0,0
1894,0.0,0
1895,0.0,0
1896,0.0,0
1897,0.0,0
1898,0.0,0
1899,0.0,0
1900,0.0,0
1901,0.0,0
1902,0.0,0
1903,0.0,0
1904,0.0,0
1905,0.0,0
1906,0.0,0
1907,0.0,0
1908,0.0,0
1909,0.0,0
1910,0.0,0
1911,0.0,0
1912,0.0,0
1913,0.0,0
1914,0.0,0
1915,0.0,0
1916,0.0,0
1917,0.0,0
1918,0.0,0
1919,0.0,0
1920,0.0,0
1921,0.0,0
1922,0.0,0
1923,0.0,0
1924,0.0,0
1925,0.0,0
1926,0.0,0
1927,0.0,0
1928,0.0,0
1929,0.0,0
1930,0.0,0
1931,0.0,0
1932,0.0,0
1933,0.0,0
1934,0.0,0
1935,0.0,0
1936,0.0,0
1937,0.0,0
1938,0.0,0
1939,0.6,39
1940,1.2,39
1941,1.8,39
1942,3.6,39
1943,4.8,39
1944,6.6,39
1945,7.8,39
1946,10.2,39
1947,12.0,39
1948,13.8,39
1949,16.2,39
1950,18.6,39
1951,20.4,39
1952,22.8,39
1953,25.2,39
1954,27.6,39
1955,29.4,39
1956,31.2,39
1957,32.4,39
1958,33.6,39
1959,34.2,39
1960,34.2,39
1961,34.8,39
1962,34.8,39
1963,34.8,39
1964,34.8,39
1965,34.8,39
1966,34.8,39
1967,34.8,39
1968,34.8,39
1969,34.8,39
1970,34.8,39
1971,34.8,39
1972,34.8,39
1973,34.8,39
1974,34.8,39
1975,34.8,39
1976,34.8,39
1977,34.8,39
1978,34.8,39
1979,34.8,39
1980,34.8,39
1981,34.8,39
1982,34.8,39
1983,34.8,39
1984,34.8,39
1985,34.8,39
1986,34.8,39
1987,34.8,39
1988,34.8,39
1989,34.8,39
1990,34.8,39
1991,34.8,39
1992,34.8,39
1993,34.8,39
1994,34.8,39
1995,34.8,39
1996,34.8,39
1997,34.8,39
1998,34.8,39
1999,34.8,39
2000,34.8,39
2001,34.8,39
2002,34.8,39
2003,34.8,39
2004,34.8,39
2005,34.8,39
2006,34.8,39
2007,34.8,39
2008,34.8,39
2009,34.8,39
2010,34.8,39
2011,34.8,39
2012,34.8,39
2013,34.8,39
2014,34.8,39
2015,34.8,39
2016,34.8,39
2017,34.8,39
2018,34.8,39
2019,34.8,39
2020,34.8,39
2021,34.8,39
2022,34.8,39
2023,34.8,39
2024,34.8,39
2025,34.8,39
2026,34.8,39
2027,34.8,39
2028,34.8,39
2029,34.8,39
2030,34.8,39
2031,34.8,39
2032,34.8,39
2033,34.8,39
2034,34.8,39
2035,34.8,39
2036,34.8,39
2037,34.8,14
2038,33.6,14
2039,32.4,14
2040,30.0,14
2041,28.2,14
2042,26.4,14
2043,24.0,14
2044,22.2,14
2045,20.4,14
2046,18.0,14
2047,16.2,14
2048,14.4,14
2049,13.8,14
2050,13.2,14
2051,12.6,14
2052,12.6,14
2053,12.6,14
2054,12.6,14
2055,11.4,-40
2056,10.2,-40
2057,9.0,-40
2058,7.2,-40
2059,5.4,-40
2060,3.6,-40
2061,1.8,-40
2062,0.0,-40
2063,-2.4,-40
2064,-4.8,-40
2065,-7.2,-40
2066,-9.6,-40
2067,-11.4,-40
2068,-13.8,-40
2069,-15.6,-40
2070,-18.0,-40
2071,-20.4,-40
2072,-22.8,-40
2073,-24.6,-40
2074,-27.6,-40
2075,-29.4,-40
2076,-31.8,-40
2077,-33.6,-40
2078,-35.4,-40
2079,-36.0,-40
2080,-36.0,-40
2081,-36.0,-40
2082,-36.0,-40
2083,-36.0,-40
2084,-34.8,30
2085,-33.0,30
2086,-31.2,30
2087,-29.4,30
2088,-27.6,30
2089,-25.2,30
2090,-22.8,30
2091,-21.0,30
2092,-18.6,30
2093,-16.8,30
2094,-14.4,30
2095,-12.0,30
2096,-9.6,30
2097,-7.2,30
2098,-4.2,30
2099,-2.4,30
2100,0.0,30
2101,2.4,30
2102,4.8,30
2103,6.6,30
2104,9.6,30
2105,11.4,30
2106,13.8,30
2107,16.2,30
2108,18.6,30
2109,20.4,30
2110,22.8,30
2111,24.6,30
2112,25.8,30
2113,26.4,30
2114,26.4,30
2115,27.0,30
2116,27.0,30
2117,27.0,30
2118,27.0,30
2119,27.0,30
2120,27.0,30
2121,27.0,30
2122,27.0,30
2123,27.0,30
2124,27.0,30
2125,27.0,30
2126,27.0,30
2127,27.0,30
2128,27.0,30
2129,27.0,30
2130,27.0,30
2131,27.0,30
2132,27.0,30
2133,27.0,30
2134,27.0,30
2135,27.0,30
2136,27.0,30
2137,27.0,30
2138,27.0,30
2139,27.0,30
2140,27.0,30
2141,27.0,30
2142,27.0,30
2143,27.0,30
2144,27.0,30
2145,27.0,30
2146,27.0,30
2147,27.0,30
2148,27.0,30
2149,27.0,30
2150,27.0,30
2151,27.0,30
2152,27.0,30
2153,27.0,30
2154,27.0,30
2155,27.0,30
2156,27.0,30
2157,27.0,30
2158,27.0,30
2159,27.0,30
2160,27.0,30
2161,27.0,7
2162,25.8,7
2163,24.6,7
2164,22.2,7
2165,20.4,7
2166,18.6,7
2167,16.8,7
2168,14.4,7
2169,12.6,7
2170,10.2,7
2171,9.0,7
2172,7.8,7
2173,7.2,7
2174,7.2,7
2175,7.2,7
2176,7.2,7
2177,7.2,7
2178,7.2,7
2179,7.2,7
2180,7.2,7
2181,7.2,7
2182,7.2,7
2183,7.2,7
2184,7.2,7
2185,7.2,7
2186,7.2,7
2187,7.2,7
2188,7.2,7
2189,7.2,7
2190,7.2,7
2191,7.2,7
2192,7.2,7
2193,7.2,7
2194,7.2,7
2195,7.2,7
2196,7.2,7
2197,7.2,7
2198,7.2,7
2199,7.2,7
2200,7.2,7
2201,7.2,7
2202,7.2,7
2203,7.2,7
2204,7.2,7
2205,7.2,7
2206,7.2,7
2207,7.2,7
2208,7.2,7
2209,7.2,7
2210,7.2,7
2211,7.2,7
2212,7.2,7
2213,7.2,7
2214,7.2,7
2215,7.2,7
2216,7.2,7
2217,7.2,7
2218,7.2,7
2219,7.2,7
2220,7.2,7
2221,7.2,7
2222,7.2,7
2223,7.2,7
2224,7.2,7
2225,7.2,7
2226,7.2,7
2227,7.2,7
2228,7.2,7
2229,7.2,7
2230,7.2,7
2231,7.2,7
2232,7.2,7
2233,7.2,7
2234,7.2,7
2235,7.2,7
2236,7.2,7
2237,7.2,7
2238,7.2,7
2239,7.2,7
2240,7.2,7
2241,7.2,7
2242,7.2,7
2243,7.2,7
2244,7.2,7
2245,7.2,7
2246,7.2,-37
2247,6.0,-37
2248,5.4,-37
2249,3.6,-37
2250,2.4,-37
2251,0.6,-37
2252,-1.2,-37
2253,-3.0,-37
2254,-5.4,-37
2255,-7.2,-37
2256,-9.6,-37
2257,-11.4,-37
2258,-14.4,-37
2259,-16.2,-37
2260,-18.6,-37
2261,-21.0,-37
2262,-23.4,-37
2263,-25.2,-37
2264,-27.6,-37
2265,-29.4,-37
2266,-31.2,-37
2267,-32.4,-37
2268,-33.0,-37
2269,-33.6,-37
2270,-33.6,-37
2271,-33.6,-37
2272,-33.6,-37
2273,-33.6,-37
2274,-33.6,-37
2275,-33.6,-37
2276,-33.6,-37
2277,-33.6,-37
2278,-33.6,-37
2279,-33.6,-37
2280,-33.6,-37
2281,-33.6,-37
2282,-33.6,-37
2283,-33.6,-37
2284,-33.6,-37
2285,-33.6,-37
2286,-33.6,-37
2287,-33.6,-37
2288,-33.6,-37
2289,-33.6,-37
2290,-33.6,-37
2291,-33.6,-37
2292,-33.6,-37
2293,-33.6,-37
2294,-33.6,-37
2295,-33.6,-37
2296,-33.6,-37
2297,-33.6,-37
2298,-33.6,-37
2299,-33.6,-37
2300,-33.6,-37
2301,-33.6,-37
2302,-33.6,-37
2303,-33.6,-37
2304,-33.6,-37
2305,-33.6,-37
2306,-33.6,-37
2307,-33.6,-37
2308,-33.6,-37
2309,-33.6,-37
2310,-33.6,-37
2311,-33.6,-37
2312,-33.6,-37
2313,-33.6,-37
2314,-33.6,-37
2315,-33.6,-37
2316,-33.6,-37
2317,-33.6,-37
2318,-33.6,-37
2319,-33.6,-37
2320,-33.6,-37
2321,-33.6,-37
2322,-32.4,0
2323,-30.6,0
2324,-28.8,0
2325,-27.0,0
2326,-25.2,0
2327,-22.8,0
2328,-20.4,0
2329,-18.6,0
2330,-16.2,0
2331,-13.8,0
2332,-11.4,0
2333,-9.0,0
2334,-6.6,0
2335,-4.8,0
2336,-2.4,0
2337,-1.8,0
2338,-0.6,0
2339,0.0,0
2340,0.0,0
2341,0.0,0
2342,0.0,0
2343,0.0,0
2344,0.0,0
2345,0.0,0
2346,0.0,0
2347,0.0,0
2348,0.0,0
2349,0.0,0
2350,0.0,0
2351,0.0,0
2352,0.0,0
2353,0.0,0
2354,0.0,0
2355,0.0,0
2356,0.0,0
2357,0.0,0
2358,0.0,0
2359,0.0,0
2360,0.0,0
2361,0.0,0
2362,0.0,0
2363,0.0,0
2364,0.0,0
2365,0.0,0
2366,0.0,0
2367,-0.6,-5
2368,-1.8,-5
2369,-3.0,-5
2370,-4.2,-5
2371,-4.8,-5
2372,-4.8,-5
2373,-4.8,-5
2374,-4.8,-5
2375,-4.8,-5
2376,-4.8,-5
2377,-4.8,-5
2378,-4.8,-5
2379,-4.8,-5
2380,-4.8,-5
2381,-4.8,-5
2382,-4.8,-5
2383,-4.8,-5
2384,-4.8,-5
2385,-4.8,-5
2386,-4.8,-5
2387,-4.8,-5
2388,-4.8,-5
2389,-4.8,-5
2390,-4.8,-5
2391,-4.8,-5
2392,-4.8,-5
2393,-4.8,-5
2394,-4.8,-5
2395,-4.8,-5
2396,-4.8,-5
2397,-4.8,-5
2398,-4.8,-5
2399,-4.8,-5
2400,-4.8,-5
2401,-4.8,-5
2402,-4.8,-5
2403,-4.8,-5
2404,-4.8,-5
2405,-4.8,-5
2406,-4.8,-5
2407,-3.6,24
2408,-1.8,24
2409,-0.6,24
2410,1.8,24
2411,3.6,24
2412,6.0,24
2413,8.4,24
2414,10.2,24
2415,12.6,24
2416,14.4,24
2417,16.8,24
2418,18.6,24
2419,19.8,24
2420,21.0,24
2421,21.0,24
2422,21.0,24
2423,21.0,24
2424,21.0,24
2425,21.6,24
2426,21.6,24
2427,21.6,24
2428,21.6,24
2429,21.6,24
2430,21.6,24
2431,21.6,24
2432,21.6,24
2433,21.6,24
2434,21.6,-19
2435,21.0,-19
2436,19.2,-19
2437,18.0,-19
2438,15.6,-19
2439,14.4,-19
2440,12.0,-19
2441,10.2,-19
2442,7.8,-19
2443,5.4,-19
2444,3.0,-19
2445,1.2,-19
2446,-1.8,-19
2447,-3.6,-19
2448,-6.6,-19
2449,-8.4,-19
2450,-10.2,-19
2451,-12.0,-19
2452,-13.8,-19
2453,-15.0,-19
2454,-16.2,-19
2455,-16.2,-19
2456,-16.2,-19
2457,-16.8,-19
2458,-16.8,-19
2459,-16.8,-19
2460,-16.8,-19
2461,-16.8,-19
2462,-16.8,-19
2463,-16.8,-19
2464,-16.8,-19
2465,-16.8,-19
2466,-16.8,-19
2467,-16.8,-19
2468,-16.8,-38
2469,-18.0,-38
2470,-18.6,-38
2471,-19.8,-38
2472,-21.0,-38
2473,-22.8,-38
2474,-24.6,-38
2475,-25.8,-38
2476,-28.2,-38
2477,-30.0,-38
2478,-31.8,-38
2479,-33.0,-38
2480,-34.2,-38
2481,-34.8,-38
2482,-34.8,-38
2483,-34.8,-38
2484,-34.8,-38
2485,-34.8,-38
2486,-34.8,-38
2487,-35.4,-38
2488,-35.4,-38
2489,-35.4,-38
2490,-35.4,-38
2491,-35.4,-38
2492,-35.4,-38
2493,-35.4,-38
2494,-35.4,-38
2495,-35.4,-38
2496,-35.4,-38
2497,-35.4,-38
2498,-35.4,-38
2499,-35.4,-38
2500,-35.4,-38
2501,-35.4,-38
2502,-35.4,-38
2503,-35.4,-38
2504,-35.4,-38
2505,-35.4,-38
2506,-35.4,-38
2507,-35.4,-38
2508,-35.4,-38
2509,-35.4,-38
2510,-35.4,-38
2511,-35.4,-38
2512,-35.4,-38
2513,-35.4,-38
2514,-35.4,-38
2515,-35.4,-38
2516,-35.4,-38
2517,-35.4,-38
2518,-35.4,-38
2519,-35.4,-38
2520,-35.4,-38
2521,-35.4,-38
2522,-35.4,-38
2523,-35.4,-38
2524,-35.4,-38
2525,-35.4,-38
2526,-35.4,-38
2527,-35.4,-38
2528,-35.4,-38
2529,-35.4,-38
2530,-35.4,-38
2531,-35.4,-38
2532,-35.4,-38
2533,-35.4,-38
2534,-35.4,-38
2535,-35.4,-38
2536,-35.4,-38
2537,-35.4,-13
2538,-33.6,-13
2539,-31.8,-13
2540,-30.0,-13
2541,-28.8,-13
2542,-26.4,-13
2543,-24.0,-13
2544,-21.6,-13
2545,-19.8,-13
2546,-17.4,-13
2547,-15.6,-13
2548,-13.8,-13
2549,-13.2,-13
2550,-12.0,-13
2551,-12.0,-13
2552,-12.0,-13
2553,-12.0,-13
2554,-12.0,-13
2555,-12.0,-13
2556,-12.0,-13
2557,-12.0,-13
2558,-12.0,-13
2559,-12.0,-13
2560,-12.0,-13
2561,-12.0,-13
2562,-12.0,-13
2563,-12.0,-13
2564,-12.0,-13
2565,-12.0,-13
2566,-12.0,-13
2567,-12.0,-13
2568,-12.0,-13
2569,-12.0,-13
2570,-12.0,-13
2571,-12.0,-13
2572,-12.0,-13
2573,-12.0,-13
2574,-12.0,-13
2575,-12.0,-13
2576,-12.0,-13
2577,-12.0,-13
2578,-12.0,-13
2579,-12.0,-13
2580,-12.0,35
2581,-10.8,35
2582,-9.6,35
2583,-8.4,35
2584,-6.6,35
2585,-4.8,35
2586,-3.0,35
2587,-1.2,35
2588,1.2,35
2589,3.0,35
2590,5.4,35
2591,7.8,35
2592,10.2,35
2593,12.0,35
2594,14.4,35
2595,16.2,35
2596,19.2,35
2597,21.0,35
2598,23.4,35
2599,25.8,35
2600,27.6,35
2601,28.8,35
2602,30.0,35
2603,30.6,35
2604,30.6,35
2605,30.6,35
2606,30.6,35
2607,31.2,35
2608,31.2,35
2609,31.2,35
2610,31.2,35
2611,31.2,35
2612,31.2,35
2613,31.2,35
2614,31.2,35
2615,31.2,35
2616,31.2,35
2617,31.2,35
2618,31.2,35
2619,31.2,35
2620,31.2,35
2621,31.2,35
2622,31.2,35
2623,31.2,35
2624,31.2,35
2625,31.2,35
2626,31.2,35
2627,31.2,35
2628,31.2,35
2629,31.2,35
2630,31.2,35
2631,31.2,35
2632,31.2,35
2633,31.2,35
2634,31.2,35
2635,31.2,35
2636,31.2,35
2637,31.2,35
2638,31.2,35
2639,31.2,35
2640,31.2,35
2641,31.2,35
2642,31.2,35
2643,31.2,35
2644,31.2,35
2645,31.2,35
2646,31.2,35
2647,31.2,35
2648,31.2,35
2649,31.2,35
2650,31.2,35
2651,31.2,35
2652,31.2,35
2653,31.2,35
2654,31.2,35
2655,31.2,35
2656,31.2,35
2657,31.2,0
2658,29.4,0
2659,28.2,0
2660,25.8,0
2661,24.0,0
2662,22.2,0
2663,20.4,0
2664,18.0,0
2665,16.2,0
2666,13.2,0
2667,11.4,0
2668,9.0,0
2669,6.6,0
2670,4.8,0
2671,3.0,0
2672,1.8,0
2673,1.2,0
2674,0.6,0
2675,0.6,0
2676,0.0,0
2677,0.0,0
2678,0.0,0
2679,0.0,0
2680,0.0,0
2681,0.0,0
2682,0.0,0
2683,0.0,0
2684,0.0,0
2685,0.0,0
2686,0.0,0
2687,0.0,0
2688,0.0,0
2689,0.0,0
2690,0.0,0
2691,0.0,0
2692,0.0,0
2693,0.0,0
2694,0.0,0
2695,0.0,0
2696,0.0,0
2697,0.0,0
2698,0.0,0
2699,0.0,0
2700,0.0,0
2701,0.0,0
2702,-0.6,-21
2703,-1.8,-21
2704,-3.6,-21
2705,-5.4,-21
2706,-7.2,-21
2707,-9.0,-21
2708,-11.4,-21
2709,-13.2,-21
2710,-15.0,-21
2711,-16.8,-21
2712,-18.0,-21
2713,-18.6,-21
2714,-18.6,-21
2715,-19.2,-21
2716,-19.2,-21
2717,-19.2,-21
2718,-19.2,-21
2719,-19.2,-21
2720,-19.2,-21
2721,-19.2,-21
2722,-19.2,-21
2723,-19.2,-21
2724,-19.2,-21
2725,-19.2,-21
2726,-19.2,-21
2727,-19.2,-21
2728,-19.2,-21
2729,-19.2,-21
2730,-19.2,-21
2731,-19.2,-21
2732,-19.2,-21
2733,-19.2,-21
2734,-19.2,-21
2735,-19.2,-21
2736,-19.2,-21
2737,-19.2,-21
2738,-19.2,-21
2739,-19.2,-21
2740,-19.2,-21
2741,-19.2,-21
2742,-19.2,-21
2743,-19.2,-21
2744,-19.2,-21
2745,-19.2,-21
2746,-19.2,-21
2747,-19.2,-21
2748,-19.2,-21
2749,-19.2,-21
2750,-19.2,-21
2751,-19.2,-21
2752,-19.2,-21
2753,-19.2,-21
2754,-19.2,-21
2755,-19.2,-21
2756,-19.2,-21
2757,-19.2,-21
2758,-19.2,-21
2759,-19.2,-21
2760,-19.2,-21
2761,-19.2,-21
2762,-19.2,-21
2763,-19.2,-21
2764,-19.2,-21
2765,-19.2,-21
2766,-19.2,-21
2767,-19.2,-21
2768,-19.2,-21
2769,-19.2,-21
2770,-19.2,-21
2771,-19.2,-21
2772,-19.2,-21
2773,-19.2,-21
2774,-19.2,-21
2775,-19.2,-21
2776,-19.2,-21
2777,-19.2,-21
2778,-19.2,-21
2779,-19.2,-21
2780,-19.2,26
2781,-18.0,26
2782,-16.2,26
2783,-14.4,26
2784,-12.6,26
2785,-10.2,26
2786,-8.4,26
2787,-5.4,26
2788,-3.6,26
2789,-1.2,26
2790,0.6,26
2791,3.6,26
2792,5.4,26
2793,7.8,26
2794,10.2,26
2795,12.6,26
2796,14.4,26
2797,16.8,26
2798,18.6,26
2799,21.0,26
2800,21.6,26
2801,22.8,26
2802,22.8,26
2803,22.8,26
2804,22.8,26
2805,22.8,26
2806,22.8,26
2807,22.8,26
2808,22.8,26
2809,22.8,26
2810,22.8,26
2811,22.8,26
2812,22.8,26
2813,22.8,26
2814,22.8,26
2815,22.8,26
2816,22.8,26
2817,22.8,26
2818,22.8,26
2819,22.8,26
2820,22.8,26
2821,22.8,26
2822,22.8,26
2823,22.8,26
2824,22.8,26
2825,22.8,26
2826,22.8,26
2827,22.8,26
2828,22.8,26
2829,22.8,26
2830,22.8,26
2831,22.8,26
2832,22.8,26
2833,22.8,26
2834,22.8,26
2835,22.8,26
2836,22.8,26
2837,22.8,26
2838,22.8,26
2839,22.8,26
2840,22.8,26
2841,22.8,26
2842,22.8,26
2843,22.8,26
2844,22.8,26
2845,22.8,26
2846,22.8,26
2847,22.8,26
2848,22.8,26
2849,22.8,26
2850,22.8,26
2851,22.8,26
2852,22.8,26
2853,22.8,26
2854,22.8,26
2855,22.8,26
2856,22.8,26
2857,22.8,26
2858,22.8,26
2859,22.8,26
2860,22.8,26
2861,22.8,26
2862,22.8,26
2863,22.8,26
2864,22.8,26
2865,22.8,26
2866,22.8,26
2867,22.8,26
2868,22.8,26
2869,22.8,26
2870,22.8,26
2871,24.0,43
2872,24.6,43
2873,25.2,43
2874,26.4,43
2875,28.2,43
2876,29.4,43
2877,31.8,43
2878,33.6,43
2879,35.4,43
2880,36.6,43
2881,37.2,43
2882,37.8,43
2883,37.8,43
2884,37.8,43
2885,37.8,43
2886,37.8,43
2887,37.8,43
2888,37.8,43
2889,37.8,43
2890,38.4,43
2891,38.4,43
2892,38.4,43
2893,38.4,43
2894,38.4,43
2895,38.4,43
2896,38.4,43
2897,38.4,43
2898,38.4,43
2899,38.4,43
2900,38.4,43
2901,38.4,43
2902,38.4,43
2903,38.4,43
2904,38.4,43
2905,38.4,43
2906,38.4,43
2907,38.4,43
2908,38.4,43
2909,38.4,43
2910,38.4,43
2911,38.4,43
2912,38.4,43
2913,38.4,43
2914,38.4,43
2915,38.4,43
2916,38.4,43
2917,38.4,43
2918,38.4,43
2919,38.4,43
2920,38.4,43
2921,38.4,43
2922,38.4,43
2923,38.4,43
2924,38.4,43
2925,38.4,43
2926,38.4,43
2927,38.4,43
2928,38.4,43
2929,38.4,43
2930,38.4,43
2931,38.4,43
2932,38.4,43
2933,38.4,43
2934,38.4,43
2935,38.4,43
2936,38.4,43
2937,38.4,43
2938,38.4,43
2939,38.4,43
2940,38.4,43
2941,38.4,43
2942,38.4,43
2943,38.4,43
2944,38.4,43
2945,38.4,43
2946,38.4,-17
2947,37.2,-17
2948,36.0,-17
2949,34.2,-17
2950,32.4,-17
2951,30.0,-17
2952,28.2,-17
2953,25.8,-17
2954,24.0,-17
2955,21.6,-17
2956,19.8,-17
2957,17.4,-17
2958,15.0,-17
2959,12.6,-17
2960,10.8,-17
2961,8.4,-17
2962,6.0,-17
2963,3.6,-17
2964,1.8,-17
2965,-0.6,-17
2966,-3.0,-17
2967,-5.4,-17
2968,-7.2,-17
2969,-9.6,-17
2970,-11.4,-17
2971,-13.2,-17
2972,-13.8,-17
2973,-14.4,-17
2974,-14.4,-17
2975,-14.4,-17
2976,-14.4,-17
2977,-14.4,-17
2978,-14.4,-17
2979,-14.4,-17
2980,-14.4,-17
2981,-14.4,-17
2982,-14.4,-17
2983,-14.4,-17
2984,-14.4,-17
2985,-14.4,-17
2986,-14.4,-17
2987,-14.4,-17
2988,-14.4,-17
2989,-14.4,-17
2990,-14.4,-17
2991,-14.4,-17
2992,-14.4,-17
2993,-14.4,-17
2994,-14.4,-17
2995,-14.4,-17
2996,-14.4,-17
2997,-14.4,-17
2998,-14.4,-17
2999,-14.4,-17
3000,-14.4,-17
3001,-14.4,-17
3002,-14.4,-17
3003,-14.4,-17
3004,-14.4,-17
3005,-14.4,-17
3006,-14.4,-17
3007,-13.8,39
3008,-12.6,39
3009,-10.8,39
3010,-8.4,39
3011,-6.6,39
3012,-4.8,39
3013,-2.4,39
3014,0.0,39
3015,2.4,39
3016,4.2,39
3017,6.6,39
3018,9.0,39
3019,11.4,39
3020,13.2,39
3021,15.6,39
3022,18.0,39
3023,20.4,39
3024,22.8,39
3025,25.2,39
3026,27.0,39
3027,29.4,39
3028,31.2,39
3029,33.0,39
3030,34.2,39
3031,34.8,39
3032,35.4,39
3033,35.4,39
3034,35.4,39
3035,35.4,39
3036,35.4,39
3037,35.4,39
3038,35.4,39
3039,35.4,39
3040,35.4,39
3041,35.4,39
3042,35.4,39
3043,34.8,-15
3044,33.6,-15
3045,31.8,-15
3046,30.0,-15
3047,27.6,-15
3048,25.8,-15
3049,23.4,-15
3050,21.6,-15
3051,19.2,-15
3052,17.4,-15
3053,15.0,-15
3054,13.2,-15
3055,10.8,-15
3056,8.4,-15
3057,6.0,-15
3058,4.2,-15
3059,1.8,-15
3060,-0.6,-15
3061,-3.0,-15
3062,-5.4,-15
3063,-7.8,-15
3064,-9.0,-15
3065,-10.2,-15
3066,-10.2,-15
3067,-10.2,-15
3068,-10.2,-15
3069,-10.2,-15
3070,-10.2,-15
3071,-9.0,0
3072,-7.2,0
3073,-4.8,0
3074,-3.6,0
3075,-2.4,0
3076,-1.2,0
3077,-0.6,0
3078,0.0,0
3079,0.0,0
3080,0.0,0
3081,0.0,0
3082,0.0,0
3083,0.0,0
3084,0.0,0
3085,0.0,0
3086,0.0,0
3087,0.0,0
3088,0.0,0
3089,0.0,0
3090,0.0,0
3091,0.0,0
3092,0.0,0
3093,0.0,0
3094,0.0,0
3095,0.0,0
3096,0.0,0
3097,0.0,0
3098,0.0,0
3099,0.0,0
3100,0.0,0
3101,0.0,0
3102,0.0,0
3103,0.0,0
3104,0.0,0
3105,0.0,0
3106,0.0,0
3107,0.0,0
3108,0.0,0
3109,0.0,0
3110,0.0,0
3111,0.0,0
3112,0.0,0
3113,-0.6,-3
3114,-1.2,-3
3115,-2.4,-3
3116,-3.0,-3
3117,-3.0,-3
3118,-3.0,-3
3119,-3.0,-3
3120,-3.0,-3
3121,-3.0,-3
3122,-3.0,-3
3123,-3.0,-3
3124,-3.0,-3
3125,-3.0,-3
3126,-3.0,-3
3127,-3.0,-3
3128,-3.0,-3
3129,-3.0,-3
3130,-3.0,-3
3131,-3.0,-3
3132,-3.0,-3
3133,-3.0,-3
3134,-3.0,-3
3135,-3.0,-3
3136,-3.0,-3
3137,-3.0,-3
3138,-3.0,-3
3139,-3.0,-3
3140,-3.0,-3
3141,-3.0,-3
3142,-3.0,-3
3143,-3.0,-3
3144,-3.0,-3
3145,-3.0,-3
3146,-3.0,-3
3147,-3.0,-3
3148,-3.0,-3
3149,-3.0,-3
3150,-3.0,-3
3151,-3.0,-3
3152,-3.0,-3
3153,-3.0,-3
3154,-3.0,-3
3155,-3.0,-3
3156,-3.0,-3
3157,-3.0,-3
3158,-3.0,-3
3159,-3.0,-3
3160,-3.0,-3
3161,-3.0,-3
3162,-3.0,-3
3163,-3.0,-3
3164,-3.0,-3
3165,-3.0,-3
3166,-3.0,-3
3167,-3.0,-3
3168,-3.0,-3
3169,-3.0,-3
3170,-3.0,-3
3171,-3.0,-3
3172,-3.0,-3
3173,-3.0,-3
3174,-3.0,-3
3175,-3.0,-3
3176,-3.0,-3
3177,-3.0,-3
3178,-3.6,-18
3179,-4.2,-18
3180,-5.4,-18
3181,-6.0,-18
3182,-7.8,-18
3183,-9.0,-18
3184,-10.2,-18
3185,-11.4,-18
3186,-13.2,-18
3187,-14.4,-18
3188,-15.0,-18
3189,-15.6,-18
3190,-16.2,-18
3191,-16.2,-18
3192,-16.2,-18
3193,-16.2,-18
3194,-16.2,-18
3195,-16.2,-18
3196,-16.2,-18
3197,-16.2,-18
3198,-16.2,-18
3199,-16.2,-18
3200,-16.2,-18
3201,-16.2,-18
3202,-16.2,-18
3203,-16.2,-18
3204,-16.2,-18
3205,-16.2,-18
3206,-16.2,-18
3207,-16.2,-18
3208,-16.2,-18
3209,-16.2,-18
3210,-16.2,-18
3211,-16.2,-18
3212,-16.2,-18
3213,-16.2,-18
3214,-16.2,-18
3215,-16.2,-18
3216,-16.2,-18
3217,-16.2,-18
3218,-16.2,-18
3219,-16.2,-18
3220,-16.2,-18
3221,-16.2,-18
3222,-16.2,-18
3223,-16.2,-18
3224,-16.2,-18
3225,-16.2,-18
3226,-16.2,-18
3227,-16.2,-18
3228,-16.2,-18
3229,-16.2,-18
3230,-16.2,-18
3231,-16.2,-18
3232,-16.2,-18
3233,-16.2,-18
3234,-16.2,-18
3235,-16.2,-18
3236,-16.2,-18
3237,-16.2,-18
3238,-16.2,-18
3239,-16.2,-18
3240,-16.2,-18
3241,-16.2,-18
3242,-16.2,-18
3243,-16.2,-18
3244,-16.2,-18
3245,-16.2,-18
3246,-16.2,-18
3247,-16.2,-18
3248,-16.2,-18
3249,-16.2,-18
3250,-16.2,-18
3251,-16.2,-18
3252,-16.2,-18
3253,-16.2,-18
3254,-16.2,-18
3255,-16.2,-18
3256,-16.2,-18
3257,-16.2,-18
3258,-16.2,-18
3259,-16.2,-18
3260,-16.2,-18
3261,-16.2,-18
3262,-16.2,-18
3263,-16.2,-18
3264,-16.2,-18
3265,-16.2,-18
3266,-16.2,-18
3267,-16.2,-18
3268,-16.2,-18
3269,-16.2,-18
3270,-16.2,-18
3271,-16.2,-18
3272,-17.4,-38
3273,-18.0,-38
3274,-18.6,-38
3275,-19.8,-38
3276,-21.6,-38
3277,-22.8,-38
3278,-25.2,-38
3279,-26.4,-38
3280,-28.8,-38
3281,-30.6,-38
3282,-32.4,-38
3283,-33.6,-38
3284,-34.8,-38
3285,-35.4,-38
3286,-35.4,-38
3287,-35.4,-38
3288,-35.4,-38
3289,-35.4,-38
3290,-35.4,-38
3291,-35.4,-38
3292,-35.4,-38
3293,-35.4,-38
3294,-35.4,-38
3295,-35.4,-38
3296,-36.0,-38
3297,-36.0,-38
3298,-36.0,-38
3299,-36.0,-38
3300,-36.0,-38
3301,-36.0,-38
3302,-36.0,-38
3303,-36.0,-38
3304,-36.0,-38
3305,-36.0,-38
3306,-36.0,-38
3307,-36.0,-38
3308,-36.0,-38
3309,-36.0,-38
3310,-36.0,-38
3311,-36.0,-38
3312,-36.0,-38
3313,-36.0,-38
3314,-36.0,-38
3315,-36.0,-38
3316,-36.0,-38
3317,-36.0,-38
3318,-36.0,-38
3319,-36.0,-38
3320,-36.0,-38
3321,-36.0,-38
3322,-36.0,-38
3323,-36.0,-38
3324,-36.0,-38
3325,-36.0,-38
3326,-36.0,-38
3327,-36.0,-38
3328,-36.0,-38
3329,-36.0,-38
3330,-36.0,-38
3331,-36.0,-38
3332,-36.0,-38
3333,-36.0,-38
3334,-36.0,-38
3335,-36.0,-38
3336,-36.0,-38
3337,-36.0,-38
3338,-36.0,-38
3339,-36.0,-38
3340,-36.0,-38
3341,-36.0,-38
3342,-36.0,-38
3343,-36.0,-38
3344,-36.0,-38
3345,-36.0,-38
3346,-36.0,-38
3347,-36.0,-38
3348,-36.0,-38
3349,-36.0,-38
3350,-36.0,-38
3351,-36.0,-38
3352,-36.0,-38
3353,-36.0,-38
3354,-36.0,-38
3355,-36.0,-38
3356,-36.0,-38
3357,-36.0,-38
3358,-36.0,-38
3359,-36.0,-38
3360,-36.0,-38
3361,-36.0,-38
3362,-36.0,-38
3363,-35.4,25
3364,-34.2,25
3365,-32.4,25
3366,-30.6,25
3367,-28.8,25
3368,-26.4,25
3369,-24.6,25
3370,-22.2,25
3371,-19.8,25
3372,-17.4,25
3373,-15.6,25
3374,-13.2,25
3375,-10.8,25
3376,-7.8,25
3377,-6.0,25
3378,-3.6,25
3379,-1.2,25
3380,1.2,25
3381,3.6,25
3382,6.0,25
3383,8.4,25
3384,10.8,25
3385,12.6,25
3386,15.0,25
3387,16.8,25
3388,18.6,25
3389,20.4,25
3390,21.0,25
3391,21.6,25
3392,21.6,25
3393,21.6,25
3394,21.6,25
3395,21.6,25
3396,21.6,25
3397,21.6,25
3398,21.6,25
3399,21.6,25
3400,21.6,25
3401,21.6,25
3402,21.6,25
3403,21.6,25
3404,21.6,25
3405,21.6,25
3406,21.6,25
3407,21.6,25
3408,21.6,25
3409,21.6,25
3410,21.6,25
3411,21.6,25
3412,21.6,25
3413,21.6,25
3414,21.6,25
3415,21.6,25
3416,21.6,25
3417,21.6,25
3418,21.6,25
3419,21.6,25
3420,21.6,25
3421,21.6,25
3422,21.6,25
3423,21.6,25
3424,21.6,25
3425,21.6,25
3426,21.6,25
3427,21.6,25
3428,21.6,25
3429,21.6,25
3430,21.6,25
3431,21.6,25
3432,21.6,25
3433,21.6,25
3434,21.6,25
3435,21.6,25
3436,21.6,25
3437,21.6,25
3438,21.6,25
3439,21.6,25
3440,21.6,25
3441,21.6,25
3442,21.6,25
3443,21.6,25
3444,21.6,25
3445,21.6,25
3446,21.6,25
3447,21.6,25
3448,21.6,25
3449,21.6,25
3450,21.6,25
3451,21.6,25
3452,21.6,25
3453,21.6,25
3454,21.6,25
3455,21.6,25
3456,21.6,25
3457,21.6,-12
3458,19.8,-12
3459,18.0,-12
3460,16.2,-12
3461,14.4,-12
3462,12.0,-12
3463,10.2,-12
3464,7.8,-12
3465,6.0,-12
3466,3.0,-12
3467,1.2,-12
3468,-1.2,-12
3469,-3.6,-12
3470,-6.0,-12
3471,-7.2,-12
3472,-9.0,-12
3473,-9.6,-12
3474,-10.2,-12
3475,-10.8,-12
3476,-10.8,-12
3477,-10.8,-12
3478,-10.8,-12
3479,-10.8,-12
3480,-10.8,-12
3481,-10.8,-12
3482,-11.4,-36
3483,-12.0,-36
3484,-13.2,-36
3485,-14.4,-36
3486,-16.2,-36
3487,-17.4,-36
3488,-19.8,-36
3489,-21.6,-36
3490,-24.0,-36
3491,-25.8,-36
3492,-27.6,-36
3493,-29.4,-36
3494,-31.2,-36
3495,-32.4,-36
3496,-33.6,-36
3497,-33.6,-36
3498,-33.6,-36
3499,-33.6,-36
3500,-33.6,-36
3501,-34.2,-36
3502,-34.2,-36
3503,-34.2,-36
3504,-34.2,-36
3505,-34.2,-36
3506,-34.2,-36
3507,-34.2,-36
3508,-34.2,-36
3509,-34.2,-36
3510,-34.2,-36
3511,-34.2,-36
3512,-34.2,-36
3513,-34.2,-36
3514,-34.2,-36
3515,-34.2,-36
3516,-34.2,-36
3517,-34.2,-36
3518,-34.2,-36
3519,-34.2,-36
3520,-34.2,-36
3521,-34.2,-36
3522,-34.2,-36
3523,-34.2,-36
3524,-34.2,-36
3525,-34.2,-36
3526,-34.2,-36
3527,-34.2,-36
3528,-34.2,-36
3529,-34.2,-36
3530,-34.2,-36
3531,-34.2,-36
3532,-34.2,-36
3533,-34.2,-36
3534,-34.2,-36
3535,-34.2,-36
3536,-34.2,-36
3537,-34.2,-36
3538,-34.2,-36
3539,-34.2,-36
3540,-34.2,-36
3541,-34.2,0
3542,-32.4,0
3543,-31.2,0
3544,-29.4,0
3545,-27.6,0
3546,-25.2,0
3547,-22.8,0
3548,-20.4,0
3549,-18.6,0
3550,-16.2,0
3551,-14.4,0
3552,-11.4,0
3553,-9.0,0
3554,-6.6,0
3555,-4.8,0
3556,-3.0,0
3557,-1.8,0
3558,-1.2,0
3559,-1.2,0
3560,-1.2,0
3561,-0.6,0
3562,0.0,0
3563,0.0,0
3564,0.0,0
3565,0.0,0
3566,0.0,0
3567,0.0,0
3568,0.0,0
3569,0.0,0
3570,0.0,0
3571,0.0,0
3572,0.0,0
3573,0.0,0
3574,0.0,0
3575,0.0,0
3576,0.0,0
3577,0.0,0
3578,0.0,0
3579,0.0,0
3580,0.0,0
3581,0.0,0
3582,0.0,0
3583,0.0,0
3584,0.0,0
3585,0.0,0
3586,0.0,0
3587,0.0,0
3588,0.0,0
3589,0.0,0
3590,0.0,0
3591,0.0,0
3592,0.0,0
3593,0.0,0
3594,-0.6,-26
3595,-1.2,-26
3596,-1.8,-26
3597,-3.0,-26
3598,-4.2,-26
3599,-6.0,-26
3600,-7.2,-26
3601,-9.6,-26
3602,-10.8,-26
3603,-13.2,-26
3604,-15.0,-26
3605,-17.4,-26
3606,-19.2,-26
3607,-21.0,-26
3608,-22.2,-26
3609,-22.8,-26
3610,-23.4,-26
3611,-23.4,-26
3612,-24.0,-26
3613,-24.0,-26
3614,-24.0,-26
3615,-24.0,-26
3616,-24.0,-26
3617,-24.0,-26
3618,-24.0,-26
3619,-24.0,-26
3620,-24.0,-26
3621,-24.0,-26
3622,-24.0,-26
3623,-24.0,-26
3624,-24.6,-36
3625,-25.2,-36
3626,-26.4,-36
3627,-27.0,-36
3628,-28.2,-36
3629,-29.4,-36
3630,-30.6,-36
3631,-31.8,-36
3632,-32.4,-36
3633,-33.6,-36
3634,-33.6,-36
3635,-33.6,-36
3636,-33.6,-36
3637,-33.6,-36
3638,-34.2,-36
3639,-34.2,-36
3640,-34.2,-36
3641,-34.2,-36
3642,-34.2,-36
3643,-34.2,-36
3644,-34.2,-36
3645,-34.2,-36
3646,-34.2,-36
3647,-34.2,-36
3648,-34.2,-36
3649,-34.2,-36
3650,-34.2,-36
3651,-34.2,-36
3652,-34.2,-36
3653,-34.2,-36
3654,-34.2,-36
3655,-34.2,-36
3656,-34.2,-36
3657,-34.2,-36
3658,-34.2,-8
3659,-32.4,-8
3660,-30.6,-8
3661,-28.8,-8
3662,-27.0,-8
3663,-24.6,-8
3664,-22.8,-8
3665,-20.4,-8
3666,-18.6,-8
3667,-16.2,-8
3668,-13.8,-8
3669,-11.4,-8
3670,-9.0,-8
3671,-6.6,28
3672,-4.2,28
3673,-1.8,28
3674,0.0,28
3675,3.0,28
3676,4.8,28
3677,7.8,28
3678,9.6,28
3679,12.0,28
3680,13.8,28
3681,16.8,28
3682,18.6,28
3683,20.4,28
3684,22.2,28
3685,23.4,28
3686,24.0,28
3687,24.0,28
3688,24.0,28
3689,24.0,28
3690,24.0,28
3691,24.0,28
3692,24.0,28
3693,24.0,28
3694,24.0,28
3695,24.0,28
3696,24.0,28
3697,24.0,28
3698,24.0,28
3699,24.0,28
3700,24.0,28
3701,24.0,28
3702,24.0,28
3703,24.0,28
3704,24.0,28
3705,24.0,28
3706,24.0,28
3707,24.0,28
3708,24.0,28
3709,24.0,28
3710,24.0,28
3711,24.0,28
3712,24.0,28
3713,24.0,28
3714,24.0,28
3715,24.0,28
3716,24.0,28
3717,24.0,28
3718,22.8,20
3719,21.6,20
3720,19.8,20
3721,18.6,20
3722,17.4,20
3723,17.4,20
3724,17.4,20
3725,16.8,20
3726,16.8,20
3727,16.8,20
3728,16.8,20
3729,16.8,20
3730,16.8,20
3731,16.8,20
3732,16.8,20
3733,16.8,20
3734,16.8,20
3735,16.8,20
3736,16.8,20
3737,16.8,20
3738,16.8,20
3739,16.8,20
3740,16.8,20
3741,16.8,20
3742,16.8,20
3743,16.8,20
3744,16.8,20
3745,16.8,20
3746,16.8,20
3747,16.8,20
3748,16.8,20
3749,16.8,20
3750,16.8,20
3751,16.8,20
3752,16.8,20
3753,16.8,20
3754,16.8,20
3755,16.8,20
3756,16.8,20
3757,16.8,20
3758,16.8,20
3759,16.8,20
3760,16.8,20
3761,16.8,20
3762,16.8,20
3763,16.8,20
3764,16.8,20
3765,16.8,20
3766,16.8,20
3767,16.8,20
3768,16.8,20
3769,16.8,20
3770,16.8,20
3771,16.8,20
3772,16.8,20
3773,16.8,20
3774,16.8,20
3775,16.8,20
3776,16.8,20
3777,16.8,20
3778,16.8,20
3779,16.8,20
3780,16.8,20
3781,16.8,20
3782,16.8,20
3783,16.8,20
3784,16.8,20
3785,16.8,20
3786,16.8,20
3787,16.8,20
3788,15.6,-7
3789,15.0,-7
3790,14.4,-7
3791,13.2,-7
3792,11.4,-7
3793,9.6,-7
3794,7.8,-7
3795,5.4,-7
3796,3.6,-7
3797,1.2,-7
3798,-0.6,-7
3799,-3.0,-7
3800,-4.2,-7
3801,-5.4,-7
3802,-6.6,-7
3803,-7.2,-7
3804,-7.2,-7
3805,-7.2,-7
3806,-7.2,-7
3807,-7.2,-7
3808,-7.2,-7
3809,-7.2,-7
3810,-7.2,-7
3811,-7.2,-7
3812,-7.2,-7
3813,-7.2,-7
3814,-7.2,-7
3815,-7.2,-7
3816,-7.2,-7
3817,-7.2,-7
3818,-7.2,-7
3819,-7.2,-7
3820,-7.2,-7
3821,-7.2,-7
3822,-7.2,-7
3823,-7.2,-7
3824,-7.2,-7
3825,-7.2,-7
3826,-7.2,-7
3827,-7.2,-7
3828,-7.2,-7
3829,-7.2,-7
3830,-7.2,-7
3831,-7.2,-7
3832,-7.2,-7
3833,-7.2,0
3834,-6.6,0
3835,-4.8,0
3836,-3.6,0
3837,-2.4,0
3838,-1.8,0
3839,-1.2,0
3840,-1.2,0
3841,-1.2,0
3842,-1.2,0
3843,0.0,0
3844,0.0,0
3845,0.0,0
3846,0.0,0
3847,0.0,0
3848,0.0,0
3849,0.0,0
3850,0.0,0
3851,0.0,0
3852,0.0,0
3853,0.0,0
3854,0.0,0
3855,0.0,0
3856,0.0,0
3857,0.0,0
3858,0.0,0
3859,0.0,0
3860,0.0,0
3861,0.0,0
3862,0.0,0
3863,0.0,0
3864,0.0,0
3865,0.0,0
3866,0.0,0
3867,0.0,0
3868,0.0,0
3869,0.0,0
3870,0.0,0
3871,0.0,0
3872,0.0,0
3873,0.0,0
3874,0.0,0
3875,0.0,0
3876,0.0,0
3877,0.0,0
3878,0.6,22
3879,1.2,22
3880,2.4,22
3881,3.6,22
3882,4.8,22
3883,6.6,22
3884,8.4,22
3885,10.2,22
3886,12.6,22
3887,14.4,22
3888,15.6,22
3889,17.4,22
3890,18.0,22
3891,18.6,22
3892,18.6,22
3893,18.6,22
3894,18.6,22
3895,18.6,22
3896,18.6,22
3897,18.6,22
3898,18.6,22
3899,18.6,22
3900,18.6,22
3901,18.6,22
3902,18.6,22
3903,18.6,22
3904,18.6,22
3905,18.6,22
3906,18.6,22
3907,18.6,22
3908,18.6,22
3909,18.6,22
3910,18.6,22
3911,18.6,22
3912,18.6,22
3913,18.6,22
3914,18.6,22
3915,18.6,22
3916,18.6,22
3917,18.6,22
3918,18.6,22
3919,18.6,22
3920,18.6,22
3921,18.6,22
3922,18.6,22
3923,18.6,22
3924,18.6,22
3925,18.6,22
3926,18.6,22
3927,18.6,22
3928,18.6,22
3929,18.6,22
3930,18.6,22
3931,18.6,22
3932,18.6,22
3933,18.6,22
3934,18.6,22
3935,18.6,22
3936,18.6,22
3937,18.6,22
3938,18.6,22
3939,18.6,22
3940,18.6,22
3941,18.6,22
3942,18.6,22
3943,18.6,22
3944,18.6,22
3945,18.6,22
3946,18.6,22
3947,18.6,22
3948,18.6,22
3949,18.6,22
3950,18.6,22
3951,18.6,22
3952,18.6,22
3953,18.6,22
3954,18.6,22
3955,18.6,22
3956,18.6,22
3957,18.6,22
3958,18.6,22
3959,18.6,22
3960,18.6,22
3961,18.6,22
3962,18.6,22
3963,18.6,22
3964,18.6,22
3965,18.6,22
3966,18.6,22
3967,18.6,22
3968,18.6,-22
3969,17.4,-22
3970,16.2,-22
3971,14.4,-22
3972,12.6,-22
3973,10.2,-22
3974,8.4,-22
3975,6.0,-22
3976,4.2,-22
3977,1.8,-22
3978,-0.6,-22
3979,-2.4,-22
3980,-5.4,-22
3981,-7.8,-22
3982,-9.6,-22
3983,-12.0,-22
3984,-13.8,-22
3985,-16.2,-22
3986,-17.4,-22
3987,-19.2,-22
3988,-19.8,-22
3989,-20.4,-22
3990,-20.4,-22
3991,-21.0,-22
3992,-21.0,-22
3993,-21.0,-22
3994,-21.0,-22
3995,-21.0,-22
3996,-21.0,-22
3997,-21.0,-22
3998,-21.0,-22
3999,-21.0,-22
4000,-21.0,-22
4001,-21.0,-22
4002,-21.0,-22
4003,-21.0,-22
4004,-21.0,-22
4005,-21.0,-22
4006,-21.0,-22
4007,-21.0,-22
4008,-21.0,-22
4009,-21.0,-22
4010,-21.0,-22
4011,-21.0,-22
4012,-21.0,-22
4013,-21.0,-22
4014,-21.0,-22
4015,-21.0,-22
4016,-21.0,-22
4017,-21.0,-5
4018,-19.8,-5
4019,-18.0,-5
4020,-16.2,-5
4021,-13.8,-5
4022,-12.0,-5
4023,-10.2,-5
4024,-8.4,-5
4025,-7.2,-5
4026,-6.6,-5
4027,-6.0,-5
4028,-6.0,-5
4029,-6.0,-5
4030,-6.0,-5
4031,-5.4,-5
4032,-5.4,-5
4033,-5.4,-5
4034,-5.4,-5
4035,-5.4,-5
4036,-5.4,-5
4037,-5.4,-5
4038,-5.4,-5
4039,-5.4,-5
4040,-5.4,-5
4041,-5.4,-5
4042,-5.4,-5
4043,-5.4,-5
4044,-5.4,-5
4045,-5.4,-5
4046,-5.4,-5
4047,-5.4,-5
4048,-5.4,-5
4049,-5.4,-5
4050,-5.4,-5
4051,-5.4,-5
4052,-5.4,-5
4053,-5.4,-5
4054,-5.4,-5
4055,-5.4,-5
4056,-5.4,-5
4057,-5.4,-5
4058,-5.4,-5
4059,-5.4,-5
4060,-5.4,-5
4061,-5.4,-5
4062,-5.4,-5
4063,-5.4,-5
4064,-5.4,-5
4065,-5.4,-5
4066,-5.4,-5
4067,-5.4,-5
4068,-5.4,-5
4069,-5.4,-5
4070,-5.4,-5
4071,-5.4,-5
4072,-5.4,-5
4073,-5.4,-5
4074,-5.4,-5
4075,-5.4,-5
4076,-5.4,-5
4077,-5.4,-5
4078,-5.4,-5
4079,-5.4,-5
4080,-5.4,-5
4081,-5.4,-5
4082,-5.4,-5
4083,-5.4,-5
4084,-5.4,-5
4085,-5.4,-5
4086,-5.4,-5
4087,-5.4,-5
4088,-5.4,-5
4089,-5.4,-21
4090,-7.2,-21
4091,-9.0,-21
4092,-10.8,-21
4093,-12.6,-21
4094,-14.4,-21
4095,-16.2,-21
4096,-17.4,-21
4097,-18.6,-21
4098,-19.2,-21
4099,-19.2,-21
4100,-19.2,-21
4101,-19.8,-21
4102,-19.8,-21
4103,-19.8,-21
4104,-19.8,-21
4105,-19.8,-21
4106,-19.8,-21
4107,-19.8,8
4108,-18.6,8
4109,-16.8,8
4110,-15.0,8
4111,-13.2,8
4112,-11.4,8
4113,-9.0,8
4114,-6.6,8
4115,-4.2,8
4116,-2.4,8
4117,0.0,8
4118,1.8,8
4119,3.6,8
4120,4.8,8
4121,5.4,8
4122,6.0,8
4123,6.0,8
4124,6.0,8
4125,6.0,8
4126,6.0,8
4127,6.0,8
4128,6.0,8
4129,6.0,8
4130,6.0,8
4131,6.0,8
4132,6.0,8
4133,6.0,8
4134,6.0,8
4135,6.0,8
4136,6.0,8
4137,5.4,-45
4138,4.2,-45
4139,2.4,-45
4140,1.2,-45
4141,-1.2,-45
4142,-3.0,-45
4143,-5.4,-45
4144,-7.2,-45
4145,-10.2,-45
4146,-12.0,-45
4147,-14.4,-45
4148,-16.2,-45
4149,-18.6,-45
4150,-21.0,-45
4151,-23.4,-45
4152,-25.2,-45
4153,-27.6,-45
4154,-30.0,-45
4155,-32.4,-45
4156,-34.8,-45
4157,-37.2,-45
4158,-38.4,-45
4159,-40.2,-45
4160,-40.8,-45
4161,-42.0,-45
4162,-42.6,-45
4163,-42.6,-45
4164,-42.6,-45
4165,-42.6,-45
4166,-42.6,-45
4167,-42.6,-45
4168,-42.6,-45
4169,-42.6,-45
4170,-42.6,-45
4171,-42.6,-45
4172,-42.6,-45
4173,-42.6,-45
4174,-42.6,-45
4175,-42.6,-45
4176,-42.6,-45
4177,-42.6,-45
4178,-42.6,-45
4179,-42.6,-45
4180,-42.6,-45
4181,-42.6,0
4182,-41.4,0
4183,-39.6,0
4184,-37.8,0
4185,-35.4,0
4186,-33.6,0
4187,-31.2,0
4188,-29.4,0
4189,-27.0,0
4190,-25.2,0
4191,-22.8,0
4192,-20.4,0
4193,-18.0,0
4194,-15.6,0
4195,-13.2,0
4196,-10.8,0
4197,-8.4,0
4198,-6.0,0
4199,-4.2,0
4200,-3.0,0
4201,-1.8,0
4202,-1.2,0
4203,-0.6,0
4204,-0.6,0
4205,-0.6,0
4206,-0.6,0
4207,-0.6,0
4208,-0.6,0
4209,-0.6,0
4210,-0.6,0
4211,-0.6,0
4212,-0.6,0
4213,-0.6,0
4214,-0.6,0
4215,-0.6,0
4216,0.0,0
4217,0.0,0
4218,0.0,0
4219,0.0,0
4220,0.0,0
4221,0.0,0
4222,0.0,0
4223,0.0,0
4224,0.0,0
4225,0.0,0
4226,0.0,0
4227,0.0,0
4228,0.0,0
4229,0.0,0
4230,0.0,0
4231,0.0,0
4232,0.0,0
4233,0.0,0
4234,0.6,24
4235,1.2,24
4236,2.4,24
4237,3.6,24
4238,5.4,24
4239,7.2,24
4240,9.0,24
4241,10.8,24
4242,12.6,24
4243,15.0,24
4244,16.8,24
4245,18.6,24
4246,19.2,24
4247,19.8,24
4248,20.4,24
4249,20.4,24
4250,20.4,24
4251,20.4,24
4252,20.4,24
4253,21.0,24
4254,21.0,24
4255,21.0,24
4256,21.0,24
4257,21.0,24
4258,21.0,24
4259,21.0,24
4260,21.0,24
4261,21.0,24
4262,21.0,24
4263,21.0,24
4264,21.0,24
4265,21.0,24
4266,21.0,24
4267,21.0,24
4268,21.0,24
4269,21.0,24
4270,21.0,24
4271,21.0,24
4272,21.0,24
4273,21.0,24
4274,21.0,24
4275,21.0,24
4276,21.0,24
4277,21.0,24
4278,21.0,24
4279,21.0,24
4280,21.0,24
4281,21.0,24
4282,21.0,24
4283,21.0,24
4284,21.0,24
4285,21.0,24
4286,21.0,24
4287,21.0,24
4288,21.0,24
4289,21.0,24
4290,21.0,24
4291,21.0,24
4292,21.0,24
4293,21.0,24
4294,21.0,24
4295,21.0,24
4296,21.0,24
4297,21.0,24
4298,21.0,24
4299,21.0,24
4300,21.0,24
4301,21.0,24
4302,21.0,24
4303,21.0,24
4304,21.0,24
4305,21.0,24
4306,21.0,24
4307,21.0,24
4308,21.0,24
4309,21.0,24
4310,21.0,24
4311,21.0,24
4312,21.0,24
4313,21.0,11
4314,19.8,11
4315,18.0,11
4316,16.2,11
4317,14.4,11
4318,13.2,11
4319,11.4,11
4320,10.2,11
4321,9.6,11
4322,9.6,11
4323,9.6,11
4324,9.6,11
4325,9.6,11
4326,9.6,11
4327,9.6,11
4328,9.6,11
4329,9.6,11
4330,9.6,11
4331,9.6,11
4332,9.6,11
4333,9.6,11
4334,9.6,11
4335,9.6,11
4336,9.6,11
4337,9.6,11
4338,9.6,11
4339,9.6,11
4340,9.6,11
4341,9.6,11
4342,9.6,11
4343,9.6,11
4344,9.6,11
4345,9.6,11
4346,9.6,11
4347,9.6,11
4348,9.6,11
4349,9.6,11
4350,9.6,11
4351,9.6,11
4352,9.6,11
4353,9.6,11
4354,9.6,11
4355,9.6,11
4356,9.6,11
4357,9.6,11
4358,9.6,11
4359,9.6,11
4360,9.6,11
4361,9.6,11
4362,9.6,11
4363,9.6,11
4364,9.6,11
4365,9.6,11
4366,9.6,11
4367,9.6,11
4368,9.6,11
4369,9.6,11
4370,9.6,11
4371,9.6,11
4372,9.6,11
4373,9.6,11
4374,9.6,11
4375,9.6,11
4376,9.6,11
4377,9.6,11
4378,9.6,11
4379,9.6,11
4380,9.6,11
4381,9.6,11
4382,9.6,11
4383,9.6,11
4384,9.6,11
4385,9.6,11
4386,9.6,11
4387,9.6,11
4388,9.6,11
4389,9.6,11
4390,9.6,11
4391,9.6,11
4392,9.6,11
4393,9.6,11
4394,9.6,11
4395,9.6,11
4396,9.6,11
4397,9.6,11
4398,9.6,11
4399,9.6,11
4400,9.6,11
4401,9.6,11
4402,9.6,11
4403,9.6,11
4404,9.6,-2
4405,8.4,-2
4406,7.8,-2
4407,6.6,-2
4408,6.0,-2
4409,4.2,-2
4410,3.6,-2
4411,1.8,-2
4412,0.6,-2
4413,0.0,-2
4414,-1.2,-2
4415,-1.2,-2
4416,-1.2,-2
4417,-1.8,-2
4418,-1.8,-2
4419,-1.8,-2
4420,-1.8,-2
4421,-1.8,-2
4422,-1.8,-2
4423,-1.8,-2
4424,-2.4,-2
4425,-2.4,-2
4426,-2.4,-2
4427,-2.4,-2
4428,-2.4,-2
4429,-2.4,-2
4430,-2.4,-2
4431,-2.4,-2
4432,-2.4,-2
4433,-2.4,-2
4434,-2.4,-2
4435,-2.4,-2
4436,-2.4,-2
4437,-2.4,-2
4438,-2.4,-2
4439,-2.4,-2
4440,-2.4,-2
4441,-2.4,-2
4442,-2.4,-2
4443,-2.4,-2
4444,-2.4,-2
4445,-2.4,-2
4446,-2.4,-2
4447,-2.4,-2
4448,-2.4,-2
4449,-2.4,-2
4450,-2.4,-2
4451,-2.4,-2
4452,-2.4,-2
4453,-2.4,-2
4454,-2.4,-2
4455,-2.4,-2
4456,-2.4,-2
4457,-2.4,-2
4458,-2.4,-2
4459,-2.4,-2
4460,-2.4,-2
4461,-2.4,-2
4462,-2.4,-2
4463,-2.4,-2
4464,-2.4,-2
4465,-2.4,-2
4466,-2.4,-2
4467,-2.4,-2
4468,-2.4,-2
4469,-2.4,-2
4470,-2.4,-2
4471,-2.4,-2
4472,-2.4,-2
4473,-2.4,-2
4474,-2.4,-2
4475,-2.4,-2
4476,-2.4,-2
4477,-2.4,-2
4478,-2.4,-2
4479,-2.4,-2
4480,-2.4,-2
4481,-2.4,-2
4482,-2.4,-2
4483,-2.4,-2
4484,-2.4,-2
4485,-2.4,-2
4486,-2.4,-2
4487,-2.4,-2
4488,-2.4,-2
4489,-2.4,-2
4490,-2.4,-2
4491,-2.4,-2
4492,-2.4,-2
4493,-2.4,-2
4494,-2.4,-2
4495,-2.4,-2
4496,-2.4,-2
4497,-2.4,-2
4498,-2.4,-2
4499,-2.4,-2
4500,-2.4,-2
4501,-2.4,-2
4502,-2.4,-2
4503,-2.4,-2
4504,-2.4,-2
4505,-2.4,-2
4506,-2.4,-2
4507,-2.4,-2
4508,-2.4,-2
4509,-2.4,-2
4510,-2.4,-2
4511,-2.4,-2
4512,-2.4,-2
4513,-2.4,-2
4514,-2.4,-2
4515,-2.4,-2
4516,-2.4,-2
4517,-2.4,-2
4518,-2.4,-2
4519,-2.4,-2
4520,-2.4,-2
4521,-2.4,-2
4522,-2.4,-2
4523,-2.4,-2
4524,-2.4,-2
4525,-2.4,-2
4526,-2.4,-2
4527,-2.4,-2
4528,-2.4,-2
4529,-2.4,-2
4530,-2.4,-2
4531,-2.4,-2
4532,-2.4,-2
4533,-2.4,-2
4534,-2.4,-2
4535,-2.4,-2
4536,-2.4,-2
4537,-2.4,-2
4538,-2.4,-2
4539,-2.4,-2
4540,-2.4,-6
4541,-3.0,-6
4542,-3.6,-6
4543,-3.6,-6
4544,-4.2,-6
4545,-4.2,-6
4546,-4.8,-6
4547,-5.4,-6
4548,-5.4,-6
4549,-5.4,-6
4550,-5.4,-6
4551,-5.4,-6
4552,-5.4,-6
4553,-5.4,-6
4554,-5.4,-6
4555,-5.4,-6
4556,-5.4,-6
4557,-5.4,-6
4558,-5.4,-6
4559,-5.4,-6
4560,-5.4,-6
4561,-5.4,-6
4562,-5.4,-6
4563,-5.4,-6
4564,-5.4,-6
4565,-5.4,-6
4566,-5.4,-6
4567,-5.4,-6
4568,-5.4,-6
4569,-5.4,-6
4570,-5.4,-6
4571,-5.4,-6
4572,-5.4,-6
4573,-5.4,-6
4574,-5.4,-6
4575,-5.4,-6
4576,-5.4,-6
4577,-5.4,-6
4578,-5.4,-6
4579,-5.4,-6
4580,-4.2,0
4581,-3.0,0
4582,-2.4,0
4583,-1.8,0
4584,-1.2,0
4585,-0.6,0
4586,0.0,0
4587,0.0,0
4588,0.0,0
4589,0.0,0
4590,0.0,0
4591,0.0,0
4592,0.0,0
4593,0.0,0
4594,0.0,0
4595,0.0,0
4596,0.0,0
4597,0.0,0
4598,0.0,0
4599,0.0,0
4600,0.0,0
4601,0.0,0
4602,0.0,0
4603,0.0,0
4604,0.0,0
4605,0.0,0
4606,0.0,0
4607,0.0,0
4608,0.0,0
4609,0.0,0
4610,0.0,0
4611,0.0,0
4612,0.0,0
4613,0.0,0
4614,0.0,0
4615,0.0,0
4616,0.0,0
4617,0.0,0
4618,0.0,0
4619,0.0,0
4620,0.0,0
4621,0.0,0
4622,0.0,0
4623,0.0,0
4624,0.0,0
4625,0.0,0
4626,0.0,0
4627,0.0,0
4628,-0.6,-11
4629,-1.2,-11
4630,-1.8,-11
4631,-2.4,-11
4632,-3.6,-11
4633,-4.8,-11
4634,-5.4,-11
4635,-6.6,-11
4636,-7.8,-11
4637,-9.0,-11
4638,-9.6,-11
4639,-9.6,-11
4640,-9.6,-11
4641,-10.2,-11
4642,-10.2,-11
4643,-10.2,-11
4644,-10.2,-11
4645,-10.2,-11
4646,-10.2,-11
4647,-10.2,-11
4648,-10.2,-11
4649,-10.2,-11
4650,-10.2,-11
4651,-10.2,-11
4652,-10.2,-11
4653,-10.2,-11
4654,-10.2,-11
4655,-10.2,-11
4656,-10.2,-11
4657,-10.2,-11
4658,-10.2,-11
4659,-10.2,9
4660,-9.0,9
4661,-6.6,9
4662,-4.8,9
4663,-3.0,9
4664,-1.2,9
4665,1.2,9
4666,3.0,9
4667,4.8,9
4668,5.4,9
4669,6.6,9
4670,7.2,9
4671,7.2,9
4672,7.2,9
4673,7.2,9
4674,7.2,9
4675,7.2,9
4676,7.2,9
4677,7.2,9
4678,7.2,9
4679,7.2,9
4680,7.2,9
4681,7.2,9
4682,7.2,9
4683,7.2,9
4684,7.2,9
4685,7.2,9
4686,7.2,9
4687,7.2,9
4688,7.2,9
4689,7.2,9
4690,7.2,-23
4691,6.6,-23
4692,4.8,-23
4693,3.0,-23
4694,1.2,-23
4695,-0.6,-23
4696,-3.0,-23
4697,-5.4,-23
4698,-7.2,-23
4699,-9.6,-23
4700,-11.4,-23
4701,-13.8,-23
4702,-16.2,-23
4703,-17.4,-23
4704,-18.0,-23
4705,-18.0,-23
4706,-18.0,-23
4707,-18.0,-23
4708,-18.0,-23
4709,-18.0,-23
4710,-18.0,-23
4711,-18.0,-23
4712,-18.0,-23
4713,-16.8,-17
4714,-16.2,-17
4715,-16.2,-17
4716,-16.2,-17
4717,-16.2,-17
4718,-16.2,-17
4719,-16.2,-17
4720,-16.2,-17
4721,-16.2,-17
4722,-16.2,-17
4723,-16.2,-17
4724,-16.2,-17
4725,-16.2,-17
4726,-16.2,-17
4727,-16.2,-17
4728,-16.2,-17
4729,-16.2,-17
4730,-16.2,-17
4731,-16.2,-17
4732,-16.2,-17
4733,-16.2,-17
4734,-16.2,-17
4735,-16.2,-17
4736,-16.2,-17
4737,-16.2,-17
4738,-16.2,-17
4739,-16.2,-17
4740,-16.2,-17
4741,-16.2,-17
4742,-16.2,-17
4743,-16.2,-17
4744,-16.2,-17
4745,-16.2,-17
4746,-16.2,-17
4747,-16.2,-17
4748,-16.2,-17
4749,-16.2,-17
4750,-16.2,-25
4751,-17.4,-25
4752,-18.6,-25
4753,-20.4,-25
4754,-21.6,-25
4755,-22.8,-25
4756,-22.8,-25
4757,-23.4,-25
4758,-23.4,-25
4759,-23.4,-25
4760,-23.4,-25
4761,-23.4,-25
4762,-23.4,-25
4763,-23.4,-25
4764,-23.4,-25
4765,-23.4,-25
4766,-23.4,-25
4767,-24.0,-25
4768,-24.0,-25
4769,-24.0,-25
4770,-24.0,-25
4771,-24.0,-25
4772,-24.0,-25
4773,-24.0,-25
4774,-24.0,-25
4775,-24.0,-25
4776,-24.0,-25
4777,-24.0,-25
4778,-24.0,-25
4779,-24.0,-25
4780,-24.0,-25
4781,-24.0,-25
4782,-24.0,-25
4783,-24.0,-25
4784,-24.0,-25
4785,-24.0,-25
4786,-24.0,-25
4787,-24.0,-25
4788,-24.0,-25
4789,-24.0,-25
4790,-24.0,-25
4791,-24.0,-25
4792,-24.0,-25
4793,-24.0,-25
4794,-24.0,-25
4795,-24.0,-25
4796,-24.0,-25
4797,-24.0,-25
4798,-24.0,-25
4799,-24.0,-25
4800,-24.0,-25
4801,-24.0,-25
4802,-24.0,-25
4803,-24.0,-25
4804,-24.0,-25
4805,-24.0,-25
4806,-24.0,-25
4807,-24.0,-25
4808,-24.0,-25
4809,-24.0,-25
4810,-24.0,-25
4811,-24.0,-25
4812,-24.0,-25
4813,-24.0,-25
4814,-24.0,-25
4815,-24.0,-25
4816,-24.0,-25
4817,-24.0,-25
4818,-24.0,-25
4819,-24.0,-25
4820,-24.0,-25
4821,-24.0,-25
4822,-24.0,-25
4823,-24.0,-25
4824,-24.0,-25
4825,-24.0,-25
4826,-24.0,-25
4827,-24.0,-25
4828,-23.4,-22
4829,-22.2,-22
4830,-21.6,-22
4831,-21.6,-22
4832,-21.6,-22
4833,-21.0,-22
4834,-21.0,-22
4835,-21.0,-22
4836,-21.0,-22
4837,-21.0,-22
4838,-21.0,-22
4839,-21.0,-22
4840,-21.0,-22
4841,-21.0,-22
4842,-21.0,-22
4843,-21.0,-22
4844,-21.0,-22
4845,-21.0,-22
4846,-21.0,-22
4847,-21.0,-22
4848,-21.0,-22
4849,-21.0,-22
4850,-21.0,-22
4851,-21.0,-22
4852,-21.0,-22
4853,-21.0,-22
4854,-21.0,-22
4855,-21.0,-22
4856,-21.0,-22
4857,-21.0,-22
4858,-21.0,-22
4859,-21.0,-22
4860,-21.0,-22
4861,-21.0,-22
4862,-21.0,-22
4863,-21.0,0
4864,-19.8,0
4865,-18.6,0
4866,-17.4,0
4867,-15.6,0
4868,-13.8,0
4869,-12.0,0
4870,-9.6,0
4871,-7.2,0
4872,-6.0,0
4873,-4.2,0
4874,-3.0,0
4875,-2.4,0
4876,-1.8,0
4877,-1.8,0
4878,-1.2,0
4879,-1.2,0
4880,-1.2,0
4881,-1.2,0
4882,-1.2,0
4883,-1.2,0
4884,-0.6,0
4885,0.0,0
4886,0.0,0
4887,0.0,0
4888,0.0,0
4889,0.0,0
4890,0.0,0
4891,0.0,0
4892,0.0,0
4893,0.0,0
4894,0.0,0
4895,0.0,0
4896,0.0,0
4897,0.0,0

